amount,hour,tx_1h,is_international,is_night,Class
46.93,10,1,0,0,0
301.01,16,2,0,0,0
131.67,4,2,0,1,0
91.29,6,2,0,0,0
16.96,18,1,0,0,0
16.96,23,2,0,1,0
5.98,14,3,1,0,0
201.12,2,1,0,1,0
91.91,14,2,0,0,0
123.13,4,4,0,1,0
2.08,22,2,0,0,0
350.36,11,1,0,0,0
178.64,19,0,0,0,0
23.87,4,2,0,1,0
20.07,2,2,0,1,0
20.26,8,2,0,0,0
36.28,8,2,0,0,0
74.39,6,0,0,0,0
56.55,1,2,0,1,0
34.42,22,1,0,0,0
94.64,22,0,0,0,0
15.02,20,2,0,0,0
34.55,15,4,0,0,0
45.63,8,4,0,0,0
60.89,12,1,0,0,0
153.79,18,0,0,0,0
22.27,19,1,0,0,0
72.2,16,2,0,0,0
89.75,5,4,1,1,0
4.76,3,1,0,1,0
93.53,0,2,0,1,0
18.7,17,4,0,0,0
6.73,18,6,0,0,0
297.37,8,0,0,0,0
337.06,12,2,0,0,0
165.23,7,0,0,0,0
36.33,22,1,0,0,0
10.28,12,3,0,0,0
115.28,14,0,1,0,0
58.01,10,3,0,0,0
13.02,11,4,0,0,0
68.35,13,2,0,0,0
3.5,3,3,0,1,0
240.04,0,3,0,1,0
29.95,23,1,1,1,0
108.63,3,3,0,1,0
37.35,18,3,0,0,0
73.41,8,1,1,0,0
79.12,9,2,1,0,0
20.44,3,3,0,1,0
349.28,19,1,0,0,0
149.22,8,1,0,0,0
280.51,12,2,1,0,1
225.22,11,5,0,0,0
91.11,10,2,0,0,0
254.94,11,2,0,0,0
9.27,17,2,0,0,0
21.81,11,0,0,0,0
4.63,15,4,0,0,0
39.35,4,4,0,1,0
49.21,19,2,0,0,0
31.66,11,3,0,0,0
176.46,20,6,0,0,0
44.12,10,2,0,0,0
32.98,8,1,0,0,0
78.24,17,2,0,0,0
15.19,2,0,0,1,0
162.05,19,1,0,0,0
7.75,16,1,0,0,0
433.41,13,5,0,0,0
147.95,0,1,0,1,0
22.15,16,0,0,0,0
0.55,7,2,0,0,0
168.99,4,3,0,1,0
122.71,4,2,0,1,0
130.57,8,4,1,0,0
147.52,2,0,0,1,0
7.69,18,4,0,0,0
44.39,22,0,0,0,0
12.32,8,0,0,0,0
198.85,21,0,0,0,0
97.63,17,1,0,0,0
40.18,15,2,0,0,0
6.57,0,1,0,1,0
37.25,1,2,0,1,0
39.33,13,4,0,0,0
130.79,13,2,0,0,0
101.49,0,5,0,1,1
218.23,15,1,0,0,0
63.91,14,2,0,0,0
12.74,14,0,0,0,0
124.91,11,1,0,0,0
143.04,15,0,1,0,0
82.39,13,1,1,0,0
147.39,23,0,0,1,0
68.08,14,3,0,0,0
73.97,22,2,0,0,0
55.78,14,0,0,0,0
2.57,18,0,1,0,0
11.42,7,4,0,0,0
3.19,1,2,0,1,0
101.17,1,4,0,1,0
37.74,9,1,0,0,0
71.04,2,3,0,1,0
238.13,22,0,1,0,0
28.67,16,2,0,0,0
52.83,7,3,0,0,0
140.87,22,0,0,0,0
25.98,3,3,0,1,0
8.01,13,0,0,0,0
34.21,20,3,0,0,0
17.58,9,4,0,0,0
265.5,0,0,0,1,0
165.09,3,0,0,1,0
100.35,0,3,0,1,0
205.15,16,3,0,0,0
162.8,16,1,0,0,0
20.65,6,3,0,0,0
223.08,22,3,0,0,0
77.51,19,2,0,0,0
164.73,14,2,0,0,0
226.42,12,1,1,0,0
38.27,1,2,0,1,0
11.66,18,3,0,0,0
25.87,23,1,0,1,0
55.71,12,2,0,0,0
170.38,23,4,0,1,0
197.13,10,0,0,0,0
0.7,21,4,0,0,0
71.49,14,1,0,0,0
54.03,9,1,0,0,0
25.12,8,1,0,0,0
12.77,8,1,1,0,0
41.19,19,1,0,0,0
286.31,0,2,0,1,1
39.04,16,2,0,0,0
73.15,11,1,0,0,0
121.41,9,4,0,0,0
45.2,4,1,0,1,0
356.78,17,2,0,0,0
328.2,14,1,1,0,1
29.01,5,0,0,1,0
68.77,6,0,0,0,0
35.79,16,1,0,0,0
33.52,5,3,0,1,0
3.76,7,3,1,0,0
94.05,11,1,0,0,0
69.85,20,1,1,0,0
5.29,13,0,0,0,0
32.66,11,0,1,0,0
238.89,22,2,0,0,0
27.39,9,7,0,0,0
15.65,21,1,0,0,0
67.23,19,4,0,0,0
424.4,14,1,0,0,0
27.71,6,2,0,0,0
111.52,8,2,0,0,0
143.39,9,2,1,0,0
27.13,9,3,0,0,0
130.27,15,0,1,0,0
45.85,6,2,0,0,0
100.05,4,3,0,1,0
100.38,22,1,0,0,0
76.74,2,4,1,1,0
9.46,17,1,0,0,0
180.36,10,2,0,0,0
38.68,14,4,0,0,0
20.64,20,3,0,0,0
4.16,19,1,0,0,0
89.38,4,1,0,1,0
113.19,23,0,0,1,0
1.67,11,0,0,0,0
71.76,3,3,0,1,0
25.68,14,2,0,0,0
103.61,8,4,0,0,0
19.16,6,5,0,0,0
117.42,9,2,0,0,0
48.9,22,0,0,0,0
276.03,12,7,0,0,0
14.79,7,1,1,0,0
41.71,11,7,0,0,0
12.04,21,3,0,0,0
258.62,23,0,0,1,0
209.83,18,0,0,0,0
29.83,0,2,0,1,0
107.88,15,1,0,0,0
169.95,21,0,0,0,0
81.01,16,1,0,0,0
75.43,17,2,0,0,0
27.69,10,2,0,0,0
9.77,17,1,0,0,0
227.51,6,0,0,0,0
230.68,17,0,0,0,0
100.27,7,3,0,0,0
41.4,5,0,0,1,0
42.96,6,1,0,0,0
129.45,22,1,0,0,0
227.41,21,2,0,0,0
218.11,9,1,0,0,0
151.36,10,2,0,0,0
102.73,12,1,0,0,0
8.79,8,2,0,0,0
17.63,6,4,0,0,0
228.82,8,2,0,0,0
93.25,12,0,0,0,0
0.92,2,1,0,1,0
10.7,2,2,0,1,0
108.92,0,2,0,1,0
0.51,20,0,0,0,0
17.53,19,5,0,0,0
79.57,1,3,1,1,0
117.73,2,2,0,1,0
105.54,14,2,0,0,0
25.39,23,2,0,1,0
124.54,5,3,0,1,0
27.08,12,2,0,0,0
39.36,20,1,0,0,0
137.24,0,3,0,1,0
104.88,19,2,1,0,0
189.2,18,4,0,0,0
107.18,0,0,0,1,0
84.0,20,3,0,0,0
9.84,21,2,0,0,0
45.84,1,1,0,1,0
30.82,14,1,0,0,0
27.97,13,2,0,0,0
361.23,18,0,0,0,0
49.94,10,0,0,0,0
222.61,14,0,0,0,0
99.73,5,1,0,1,0
158.38,19,3,0,0,0
69.84,8,5,0,0,0
86.02,4,1,0,1,0
67.83,19,0,0,0,0
21.72,1,0,0,1,0
128.18,5,3,0,1,0
32.96,17,3,0,0,0
2.46,22,3,0,0,0
103.7,18,1,0,0,0
19.49,8,0,0,0,0
282.11,20,1,0,0,0
307.76,23,6,0,1,1
246.35,5,1,0,1,0
46.23,13,4,0,0,0
1.56,23,1,0,1,0
263.55,12,1,0,0,0
55.89,10,1,0,0,0
340.08,11,5,1,0,1
331.37,18,1,0,0,0
191.74,18,2,1,0,0
34.88,20,0,0,0,0
48.63,18,1,0,0,0
190.47,23,2,0,1,0
38.11,12,1,0,0,0
18.57,13,1,0,0,0
81.37,23,1,0,1,0
275.13,17,0,0,0,0
119.08,11,1,0,0,0
84.41,3,1,0,1,0
10.22,9,1,0,0,0
95.45,16,4,0,0,0
461.06,3,2,0,1,0
15.09,11,2,0,0,0
73.05,12,3,0,0,0
209.86,3,0,0,1,0
135.0,9,1,0,0,0
119.41,2,1,0,1,0
121.23,14,2,0,0,0
44.55,1,1,0,1,0
34.76,16,1,0,0,0
165.74,5,1,0,1,0
166.13,7,2,0,0,0
201.8,2,2,0,1,0
244.46,17,3,0,0,0
71.61,21,1,0,0,0
69.62,0,7,1,1,1
160.09,15,2,0,0,0
104.97,6,2,1,0,0
121.06,2,2,0,1,0
158.86,22,2,0,0,0
220.73,3,0,0,1,0
41.25,8,2,0,0,0
47.09,4,1,0,1,0
9.87,18,1,0,0,0
86.34,14,3,0,0,0
3.66,7,2,0,0,0
62.66,5,0,0,1,0
78.23,17,3,1,0,0
33.76,18,3,0,0,0
89.36,23,2,0,1,0
3.1,14,2,0,0,0
3.81,6,1,0,0,0
172.94,9,1,0,0,0
44.66,5,1,0,1,0
13.59,13,3,0,0,0
73.87,16,4,0,0,0
146.96,8,5,0,0,0
24.31,18,1,0,0,0
97.52,4,3,0,1,0
8.92,22,1,0,0,0
5.31,6,2,0,0,0
75.79,18,4,0,0,0
77.79,19,2,0,0,0
101.45,6,1,0,0,0
129.5,23,2,0,1,0
372.36,1,0,0,1,0
72.63,22,3,0,0,0
39.0,15,3,0,0,0
158.57,12,3,0,0,0
31.59,7,3,0,0,0
57.8,5,3,0,1,0
8.17,5,1,1,1,0
2.57,8,1,0,0,0
328.74,3,1,0,1,0
180.78,10,0,0,0,0
119.06,4,0,0,1,0
52.59,16,3,0,0,0
19.03,19,3,0,0,0
17.01,6,1,0,0,0
28.8,14,1,1,0,0
79.68,14,2,0,0,0
125.38,13,4,0,0,0
107.94,12,2,0,0,0
32.84,10,2,0,0,0
309.81,12,2,0,0,0
133.9,21,1,1,0,0
80.82,23,5,0,1,1
94.6,8,5,0,0,0
54.4,9,0,0,0,0
28.47,3,0,0,1,0
44.0,16,2,0,0,0
141.82,13,1,0,0,0
1.45,23,1,0,1,0
12.34,17,0,0,0,0
4.71,10,0,0,0,0
4.16,15,1,0,0,0
193.42,0,2,1,1,0
121.62,6,2,0,0,0
64.28,9,0,0,0,0
10.3,8,1,0,0,0
67.65,2,0,0,1,0
64.15,21,2,1,0,0
19.02,22,0,0,0,0
56.89,13,0,0,0,0
50.83,14,0,0,0,0
95.67,1,5,0,1,0
100.81,23,3,0,1,0
4.64,13,2,0,0,0
46.94,15,1,0,0,0
98.31,6,1,0,0,0
69.94,3,2,0,1,0
194.13,17,3,0,0,0
107.5,23,1,0,1,0
17.79,4,1,0,1,0
7.32,5,2,0,1,0
102.84,6,3,0,0,0
2.69,14,1,0,0,0
88.13,0,2,0,1,0
281.73,23,1,0,1,0
85.68,3,1,0,1,0
49.13,0,1,0,1,0
103.08,10,1,0,0,0
61.3,17,1,0,0,0
78.88,13,1,0,0,0
283.81,21,2,0,0,0
48.79,10,2,0,0,0
324.91,9,2,0,0,0
235.76,16,2,0,0,0
21.79,3,1,0,1,0
7.19,23,2,0,1,0
10.62,14,0,0,0,0
1.84,15,0,0,0,0
9.92,20,2,0,0,0
114.89,12,1,0,0,0
7.38,8,1,0,0,0
38.42,10,5,1,0,1
186.35,10,1,1,0,0
2.35,5,0,1,1,1
168.45,0,0,0,1,0
33.11,21,2,0,0,0
12.58,5,2,0,1,0
119.32,12,1,0,0,0
99.14,21,0,0,0,0
209.94,23,6,0,1,0
132.83,21,2,0,0,0
162.7,4,2,0,1,0
33.13,14,1,0,0,0
19.53,17,2,0,0,0
138.88,19,0,0,0,0
164.42,13,4,1,0,0
465.7,14,1,0,0,0
53.21,4,2,0,1,0
46.52,3,0,0,1,0
149.8,1,0,1,1,0
41.67,6,1,0,0,0
267.01,9,0,0,0,0
195.48,15,3,0,0,0
56.04,9,3,0,0,0
138.98,17,2,0,0,0
140.46,16,2,0,0,0
10.88,20,1,0,0,0
232.84,12,2,0,0,0
70.37,0,1,0,1,0
175.13,0,2,1,1,0
38.57,14,3,0,0,0
225.88,0,3,0,1,0
49.3,5,2,0,1,0
1.09,12,2,0,0,0
235.79,0,3,0,1,0
9.57,4,0,0,1,0
38.47,8,2,1,0,0
299.7,16,1,0,0,0
300.79,15,2,1,0,1
85.2,7,1,0,0,0
99.92,16,3,0,0,0
59.5,14,5,0,0,0
34.7,23,2,0,1,0
39.85,0,2,0,1,0
111.63,11,1,0,0,0
139.58,4,1,0,1,0
156.82,23,0,0,1,0
155.88,5,5,0,1,1
9.56,0,3,0,1,0
68.2,0,2,0,1,0
5.93,9,1,1,0,0
79.75,9,4,0,0,0
58.26,2,1,0,1,0
218.66,16,4,0,0,0
43.22,18,1,1,0,0
12.45,10,1,0,0,0
15.43,17,0,0,0,0
143.34,1,2,0,1,0
96.29,8,2,0,0,0
10.66,23,2,0,1,0
8.79,16,1,0,0,0
120.72,13,1,0,0,0
7.55,3,4,0,1,0
172.52,16,2,0,0,0
122.5,16,1,0,0,0
8.48,11,2,1,0,0
8.87,19,3,0,0,0
431.55,17,3,0,0,0
46.88,2,2,0,1,0
46.31,10,0,0,0,0
167.56,17,2,0,0,0
294.22,3,2,0,1,1
426.88,16,1,0,0,0
139.99,17,1,1,0,0
47.2,4,5,0,1,0
8.72,13,0,0,0,0
150.12,9,3,0,0,0
81.74,14,1,0,0,0
55.2,0,0,1,1,1
236.82,15,1,0,0,0
11.79,10,0,0,0,0
67.85,22,0,0,0,0
1.14,19,3,0,0,0
63.24,5,1,0,1,0
5.8,23,1,0,1,0
12.65,21,0,0,0,0
12.5,15,5,0,0,0
104.76,1,1,0,1,0
137.06,0,2,0,1,0
87.56,23,1,0,1,0
327.47,23,2,0,1,0
46.98,8,0,0,0,0
33.65,21,2,0,0,0
202.95,11,2,0,0,0
25.31,16,2,0,0,0
330.29,14,1,0,0,0
1.22,18,2,0,0,0
350.25,21,0,0,0,0
4.41,9,4,0,0,0
221.77,11,1,0,0,0
75.01,13,3,0,0,0
495.68,8,2,1,0,1
7.67,12,2,0,0,0
80.71,2,3,0,1,0
348.36,20,1,0,0,0
74.04,13,4,0,0,0
99.26,20,1,0,0,0
118.99,9,1,0,0,0
60.61,15,2,0,0,0
98.77,6,1,0,0,0
87.78,3,2,0,1,0
231.42,19,3,0,0,0
4.65,22,2,0,0,0
32.98,10,1,0,0,0
300.4,15,1,0,0,0
220.97,19,1,0,0,0
60.82,3,3,0,1,0
96.79,21,2,0,0,0
32.49,21,1,0,0,0
20.84,22,1,0,0,0
62.31,16,0,1,0,0
43.6,12,2,0,0,0
87.62,10,1,0,0,0
8.09,2,2,0,1,0
366.5,8,3,0,0,0
428.39,5,2,0,1,1
119.79,21,2,0,0,0
76.81,20,1,0,0,0
37.04,10,3,0,0,0
168.09,15,0,0,0,0
115.43,18,2,0,0,0
17.75,4,4,0,1,0
241.83,13,1,0,0,0
172.9,16,1,0,0,0
299.17,2,1,0,1,0
129.36,3,3,0,1,0
95.04,15,1,0,0,0
54.17,15,2,0,0,0
269.9,20,0,0,0,0
201.04,3,1,0,1,0
4.63,18,3,0,0,0
2.67,16,3,0,0,0
47.23,12,3,0,0,0
166.36,21,1,0,0,0
436.43,22,3,1,0,1
16.3,23,1,0,1,0
90.17,0,2,0,1,0
47.95,11,2,0,0,0
350.37,3,2,0,1,0
184.59,10,4,0,0,0
182.22,4,4,0,1,0
63.24,1,1,0,1,0
53.58,16,0,0,0,0
31.94,7,2,0,0,0
5.8,5,2,0,1,0
200.04,20,1,0,0,0
167.61,8,4,0,0,0
817.24,12,4,0,0,0
569.49,10,2,0,0,0
81.07,15,3,0,0,0
146.53,15,3,1,0,0
289.62,1,1,1,1,1
189.48,9,2,1,0,0
28.42,11,1,0,0,0
59.88,7,1,0,0,0
13.83,10,1,0,0,0
308.02,9,2,0,0,0
93.18,12,2,0,0,0
25.96,16,0,0,0,0
111.38,6,1,0,0,0
96.27,23,1,0,1,0
44.34,2,1,0,1,0
12.05,19,1,0,0,0
111.34,12,2,0,0,0
73.46,18,0,0,0,0
147.98,6,1,0,0,0
73.43,8,2,0,0,0
191.18,18,2,0,0,0
80.28,12,1,1,0,0
82.31,21,1,0,0,0
209.28,7,1,0,0,0
51.66,21,2,0,0,0
14.39,17,0,0,0,0
2.92,22,1,0,0,0
140.71,1,2,0,1,0
96.84,17,3,0,0,0
121.77,17,0,0,0,0
23.95,10,1,0,0,0
14.66,0,1,0,1,0
1.47,13,1,1,0,0
43.17,15,1,0,0,0
89.14,10,2,0,0,0
49.8,0,3,0,1,0
57.53,6,1,0,0,0
234.51,15,0,1,0,0
42.81,13,1,0,0,0
72.15,14,1,0,0,0
153.09,13,2,1,0,0
50.51,20,3,0,0,0
97.31,10,1,0,0,0
198.31,15,4,0,0,0
298.62,18,1,0,0,0
15.91,16,1,1,0,0
261.17,5,4,0,1,0
67.75,10,4,0,0,0
29.87,16,1,0,0,0
61.46,8,4,0,0,0
391.37,17,4,0,0,0
67.85,16,2,0,0,0
39.86,11,1,0,0,0
100.35,22,0,0,0,0
27.46,21,2,0,0,0
7.89,21,1,0,0,0
13.8,4,1,0,1,0
13.7,10,3,0,0,0
16.48,3,3,0,1,0
14.95,3,1,0,1,0
102.41,2,4,1,1,0
20.07,23,0,0,1,0
42.41,22,1,0,0,0
227.1,16,4,0,0,0
64.24,6,1,0,0,0
110.13,3,4,0,1,0
18.91,22,1,0,0,0
21.36,12,4,0,0,0
4.17,11,0,0,0,0
18.5,0,1,0,1,0
32.65,20,2,0,0,0
19.48,18,3,0,0,0
9.29,20,3,1,0,0
12.86,19,3,0,0,0
61.76,17,2,0,0,0
23.11,10,1,0,0,0
45.3,19,3,0,0,0
70.0,2,1,0,1,0
117.25,16,2,0,0,0
4.01,11,4,0,0,0
160.65,9,3,1,0,0
98.86,7,2,0,0,0
8.53,14,2,0,0,0
206.81,4,3,0,1,0
253.67,3,4,0,1,0
6.3,20,3,0,0,0
32.42,19,0,0,0,0
164.09,18,3,1,0,0
137.94,20,1,0,0,0
20.4,3,2,0,1,0
23.49,14,2,0,0,0
46.28,16,1,0,0,0
66.27,11,1,0,0,0
96.3,2,2,0,1,0
46.03,9,1,0,0,0
62.09,14,1,0,0,0
137.62,9,3,0,0,0
3.74,23,1,1,1,0
29.09,22,4,0,0,0
124.95,17,1,0,0,0
225.58,0,1,0,1,0
71.68,2,1,0,1,0
75.95,20,3,1,0,0
11.34,11,1,0,0,0
59.31,0,0,0,1,0
76.06,2,2,0,1,0
27.77,2,1,0,1,0
31.37,4,0,0,1,0
47.37,18,1,0,0,0
2.03,0,3,0,1,0
38.87,3,1,0,1,0
23.76,3,2,1,1,0
39.67,16,1,0,0,0
12.76,13,3,0,0,0
221.21,17,1,0,0,0
90.04,0,1,0,1,0
113.66,21,5,0,0,0
155.67,15,5,0,0,0
69.0,2,1,0,1,0
9.09,22,4,0,0,0
77.03,20,1,0,0,0
88.39,8,2,0,0,0
136.82,22,1,0,0,0
56.5,3,0,0,1,0
13.65,20,3,0,0,0
33.38,4,5,0,1,0
45.11,10,1,1,0,0
103.82,20,2,0,0,0
84.58,8,0,0,0,0
44.02,2,3,0,1,0
430.62,5,1,0,1,1
93.08,23,1,0,1,0
27.08,10,1,0,0,0
10.73,8,4,0,0,0
16.59,14,3,0,0,0
28.23,22,3,0,0,0
17.52,2,0,0,1,0
20.65,0,2,0,1,0
33.56,19,3,0,0,0
19.04,21,3,0,0,0
227.08,18,2,0,0,0
8.36,13,2,0,0,0
74.34,16,3,0,0,0
52.83,21,4,0,0,0
403.86,13,3,0,0,0
11.88,16,1,0,0,0
50.73,13,0,0,0,0
348.91,11,3,0,0,0
200.62,15,0,0,0,0
169.87,0,0,0,1,0
29.83,12,2,0,0,0
18.74,5,0,1,1,1
110.46,16,2,0,0,0
265.04,11,2,0,0,0
81.37,22,2,0,0,0
84.77,18,2,0,0,0
32.85,5,6,0,1,1
146.75,6,1,0,0,0
20.71,0,0,0,1,0
39.11,0,5,0,1,0
55.41,4,0,0,1,0
70.85,5,3,0,1,0
27.76,15,5,0,0,0
12.2,15,1,0,0,0
94.32,13,0,0,0,0
34.06,0,2,0,1,0
87.05,12,1,0,0,0
16.77,19,2,0,0,0
65.61,9,1,0,0,0
76.05,23,2,0,1,0
5.32,9,3,0,0,0
41.04,8,2,0,0,0
14.43,12,1,0,0,0
6.55,2,1,0,1,0
460.12,17,1,0,0,0
38.91,19,0,0,0,0
166.01,1,7,0,1,1
29.39,16,1,0,0,0
114.41,18,3,0,0,0
142.81,22,1,0,0,0
90.54,12,1,0,0,0
63.79,12,0,0,0,0
53.08,0,3,0,1,0
42.9,1,3,0,1,0
265.26,0,2,0,1,0
177.56,23,2,0,1,0
335.32,4,3,0,1,0
13.27,23,3,0,1,0
131.26,2,1,0,1,0
278.61,6,2,0,0,0
20.0,23,1,0,1,0
6.88,21,3,0,0,0
135.14,12,0,0,0,0
85.44,22,2,0,0,0
184.41,17,2,0,0,0
15.06,23,2,0,1,0
158.61,20,2,0,0,0
22.52,6,1,0,0,0
17.87,0,1,0,1,0
17.94,4,1,1,1,0
168.51,16,5,1,0,0
109.42,7,1,0,0,0
74.04,14,1,0,0,0
44.45,19,2,0,0,0
209.72,3,2,0,1,0
49.83,1,1,0,1,0
169.61,4,0,0,1,0
57.83,0,4,0,1,0
47.31,4,1,0,1,0
62.12,5,2,0,1,0
35.86,1,2,0,1,0
137.68,0,2,1,1,0
69.86,3,1,0,1,0
26.42,6,0,0,0,0
229.83,21,1,0,0,0
48.43,0,2,0,1,0
78.43,0,2,0,1,0
236.95,7,4,0,0,0
97.88,19,3,0,0,0
12.43,15,1,0,0,0
281.06,20,3,0,0,0
98.81,12,1,0,0,0
40.78,22,0,0,0,0
15.0,23,3,0,1,0
158.0,22,2,0,0,0
96.78,17,3,0,0,0
76.24,19,2,0,0,0
224.33,9,2,0,0,0
155.4,11,3,0,0,0
16.45,0,0,0,1,0
37.36,9,1,0,0,0
28.57,8,2,0,0,0
136.24,2,3,0,1,0
3.41,18,1,0,0,0
84.37,8,0,0,0,0
143.74,9,2,1,0,0
209.37,18,3,0,0,0
41.87,15,2,0,0,0
172.18,23,0,0,1,0
11.72,17,3,0,0,0
187.37,13,2,0,0,0
13.64,2,1,0,1,0
50.63,1,3,0,1,0
159.6,0,3,0,1,0
16.24,17,1,0,0,0
26.04,23,1,0,1,0
128.1,8,2,0,0,0
127.31,12,2,0,0,0
102.48,1,2,0,1,0
118.4,6,1,0,0,0
78.25,15,0,0,0,0
29.01,20,4,0,0,0
42.42,18,1,0,0,0
20.04,14,0,0,0,0
239.09,21,1,0,0,0
87.56,10,4,0,0,0
51.22,0,1,0,1,0
61.99,20,1,0,0,0
294.28,6,0,0,0,0
16.65,19,3,0,0,0
88.24,7,3,0,0,0
70.5,9,2,0,0,0
94.53,4,0,0,1,0
1.83,8,0,0,0,0
205.67,0,2,0,1,0
269.0,1,2,0,1,0
83.27,18,0,0,0,0
119.29,13,2,0,0,0
255.75,19,3,0,0,0
122.84,9,1,1,0,0
16.55,8,1,0,0,0
85.87,9,3,1,0,0
93.32,5,2,0,1,0
55.19,16,3,0,0,0
133.35,5,2,1,1,0
272.37,3,2,1,1,1
259.79,19,2,0,0,0
59.94,2,0,0,1,0
12.02,22,1,0,0,0
418.92,18,3,0,0,0
182.57,17,2,0,0,0
13.31,23,3,0,1,0
253.63,3,3,0,1,0
203.94,7,4,0,0,0
73.16,16,2,1,0,0
89.47,4,1,0,1,0
50.92,12,1,0,0,0
5.63,0,5,0,1,0
40.83,12,2,0,0,0
162.38,3,1,0,1,0
0.46,21,0,0,0,0
40.57,23,1,0,1,0
50.78,13,1,0,0,0
77.09,2,2,0,1,0
252.39,4,1,0,1,0
42.52,6,1,0,0,0
42.61,0,0,0,1,0
133.75,22,7,0,0,0
60.19,11,0,0,0,0
25.44,10,3,0,0,0
60.23,23,2,0,1,0
15.18,7,2,1,0,0
19.41,5,1,0,1,0
68.99,21,2,0,0,0
54.29,1,1,0,1,0
246.33,18,1,1,0,0
45.0,19,3,0,0,0
86.89,19,0,0,0,0
100.04,23,2,0,1,0
1.32,13,2,0,0,0
108.93,0,1,0,1,0
19.61,9,3,0,0,0
324.6,15,2,0,0,0
16.09,3,0,0,1,0
53.55,10,3,0,0,0
8.92,15,1,0,0,0
576.81,19,4,0,0,0
69.75,0,1,0,1,0
90.48,15,1,0,0,0
6.94,18,2,0,0,0
138.61,20,0,0,0,0
23.56,21,2,1,0,0
228.33,8,2,0,0,0
22.96,8,1,0,0,0
21.16,8,3,0,0,0
3.72,16,1,0,0,0
63.88,11,1,0,0,0
83.2,12,2,0,0,0
6.8,7,0,0,0,0
149.4,15,4,0,0,0
60.38,17,1,1,0,0
74.32,0,1,0,1,0
58.12,0,2,0,1,0
51.21,11,2,0,0,0
82.02,5,1,1,1,0
16.87,8,1,0,0,0
20.08,22,1,0,0,0
197.89,4,1,0,1,0
292.09,15,1,0,0,0
46.73,17,0,0,0,0
31.57,16,0,0,0,0
103.28,17,2,0,0,0
52.55,0,2,0,1,0
2.57,18,1,0,0,0
16.98,21,2,0,0,0
125.87,7,2,0,0,0
107.56,2,1,0,1,0
2.75,4,1,0,1,0
25.1,22,3,0,0,0
26.28,7,2,0,0,0
111.44,18,0,0,0,0
1.99,17,3,0,0,0
10.99,17,1,1,0,0
160.9,20,4,0,0,0
19.67,0,3,0,1,0
105.77,14,4,0,0,0
27.2,17,1,0,0,0
10.47,6,0,0,0,0
27.86,15,4,0,0,0
128.11,15,0,0,0,0
193.58,14,2,0,0,0
177.33,5,4,0,1,0
50.61,8,2,1,0,0
110.29,6,2,0,0,0
22.94,13,0,0,0,0
34.69,10,2,0,0,0
226.66,20,0,0,0,0
1.31,15,2,0,0,0
8.94,5,1,0,1,0
23.31,21,0,1,0,0
2.69,15,2,0,0,0
20.02,19,1,0,0,0
87.48,15,1,0,0,0
54.72,11,1,0,0,0
223.19,16,1,0,0,0
170.07,4,3,0,1,0
41.83,12,4,0,0,0
30.03,7,6,0,0,0
47.75,23,2,0,1,0
89.23,4,2,0,1,0
31.21,11,2,0,0,0
97.86,8,3,1,0,0
52.66,2,3,0,1,0
80.31,2,2,0,1,0
57.29,0,3,0,1,0
34.88,21,2,0,0,0
296.53,17,2,0,0,0
144.23,23,1,0,1,0
15.1,11,0,0,0,0
202.85,8,3,0,0,0
66.83,8,1,0,0,0
224.95,17,1,1,0,0
160.87,17,0,0,0,0
55.38,6,4,0,0,0
2.27,3,3,0,1,0
31.29,12,2,0,0,0
78.01,16,0,0,0,0
100.37,23,3,0,1,0
29.83,1,3,0,1,0
15.01,13,1,0,0,0
180.14,2,1,1,1,0
416.06,4,1,0,1,0
74.59,13,2,0,0,0
18.84,2,1,0,1,0
31.79,22,2,0,0,0
1.86,6,6,0,0,0
245.69,17,2,0,0,0
12.53,12,3,0,0,0
85.92,22,3,0,0,0
32.03,21,2,0,0,0
80.78,9,2,0,0,0
105.39,12,3,0,0,0
177.04,15,4,0,0,0
23.12,8,2,0,0,0
1.11,1,5,1,1,1
14.72,22,4,0,0,0
230.28,4,0,0,1,0
207.06,21,0,1,0,0
90.98,16,2,0,0,0
91.76,22,1,0,0,0
109.37,21,0,0,0,0
19.28,3,4,1,1,0
245.82,16,2,0,0,0
54.26,8,3,0,0,0
48.31,19,1,0,0,0
73.17,1,1,0,1,0
4.81,23,3,0,1,0
18.19,17,2,0,0,0
133.95,20,4,0,0,0
8.64,21,4,0,0,0
92.42,10,1,0,0,0
28.15,12,0,0,0,0
49.31,7,2,0,0,0
34.07,0,3,0,1,0
43.95,16,1,0,0,0
126.96,11,1,0,0,0
35.26,3,0,0,1,0
83.56,20,3,1,0,0
64.64,12,2,0,0,0
108.97,8,1,0,0,0
276.19,6,3,0,0,0
131.89,22,1,0,0,0
24.2,23,1,0,1,0
3.17,4,0,0,1,0
30.42,4,2,0,1,0
90.41,16,2,0,0,0
5.28,8,2,0,0,0
68.59,5,1,0,1,0
90.84,18,1,0,0,0
40.68,15,3,1,0,0
147.36,20,1,0,0,0
11.27,1,3,0,1,0
7.81,9,0,0,0,0
130.26,15,2,0,0,0
68.42,4,3,0,1,0
116.6,14,1,0,0,0
57.06,12,2,1,0,0
28.29,12,6,0,0,0
170.98,12,2,1,0,0
160.65,14,3,0,0,0
118.64,13,1,0,0,0
31.77,7,3,0,0,0
89.22,10,0,0,0,0
44.78,17,4,0,0,0
9.61,23,1,0,1,0
249.27,3,1,0,1,0
14.71,9,1,0,0,0
300.05,0,3,0,1,0
59.06,4,3,0,1,0
20.47,12,0,0,0,0
78.07,0,4,0,1,0
206.31,22,3,0,0,0
131.76,7,0,0,0,0
164.28,2,2,0,1,0
107.52,2,0,0,1,0
117.86,6,2,0,0,0
189.18,3,2,0,1,0
28.72,2,2,0,1,0
67.22,14,3,1,0,0
25.0,7,1,0,0,0
439.56,2,4,1,1,1
288.35,6,3,0,0,0
4.02,17,1,0,0,0
122.27,10,2,0,0,0
259.36,10,2,0,0,0
19.92,16,6,0,0,0
83.92,5,1,0,1,0
247.09,7,2,1,0,0
3.45,0,2,0,1,0
119.54,9,1,0,0,0
35.29,18,2,0,0,0
258.22,2,4,0,1,0
354.25,3,1,0,1,0
288.72,10,1,0,0,0
64.29,14,0,0,0,0
198.08,0,1,0,1,0
186.14,8,0,0,0,0
38.43,10,3,0,0,0
176.56,18,2,0,0,0
3.77,12,6,0,0,0
90.7,15,0,0,0,0
26.14,3,1,1,1,1
12.85,0,0,0,1,0
8.01,19,2,0,0,0
119.17,12,1,0,0,0
41.53,0,1,0,1,0
129.01,4,3,0,1,0
6.76,4,2,1,1,0
37.88,13,1,0,0,0
77.54,22,1,0,0,0
156.41,13,2,0,0,0
38.38,7,1,0,0,0
98.32,3,1,0,1,0
217.14,6,0,0,0,0
95.68,19,1,0,0,0
26.52,18,2,0,0,0
2.47,14,2,0,0,0
204.1,21,1,1,0,0
2.15,3,2,0,1,0
207.71,18,1,0,0,0
75.28,8,1,0,0,0
279.8,20,5,0,0,0
160.34,12,2,0,0,0
618.22,13,3,0,0,0
43.19,22,0,0,0,0
145.75,13,2,1,0,0
51.4,21,2,0,0,0
65.37,9,2,0,0,0
98.75,15,2,0,0,0
206.89,4,2,0,1,0
414.04,22,1,0,0,0
146.22,5,1,0,1,0
54.09,1,2,0,1,0
54.71,12,1,0,0,0
133.78,12,2,0,0,0
27.28,18,2,0,0,0
11.71,17,3,0,0,0
43.79,18,4,0,0,0
33.86,0,1,0,1,0
35.14,7,1,0,0,0
26.61,21,2,0,0,0
4.3,15,2,0,0,0
1.8,1,1,0,1,0
440.0,7,5,0,0,0
55.82,5,2,1,1,0
48.5,15,4,0,0,0
113.83,22,2,0,0,0
24.62,10,1,0,0,0
299.5,16,0,0,0,0
154.34,22,2,0,0,0
9.37,18,2,0,0,0
54.06,10,2,0,0,0
211.29,7,1,0,0,0
289.56,21,1,0,0,0
63.0,3,2,1,1,0
95.04,10,6,0,0,0
18.28,7,2,0,0,0
472.94,8,0,0,0,0
26.35,1,0,0,1,0
286.0,15,3,0,0,0
104.88,5,1,0,1,0
93.58,20,3,0,0,0
71.89,20,3,0,0,0
26.22,18,3,0,0,0
19.42,7,8,0,0,0
24.91,13,0,0,0,0
20.63,23,4,0,1,0
151.22,15,1,0,0,0
43.1,11,2,0,0,0
5.96,4,1,0,1,0
347.71,23,3,0,1,0
215.23,23,1,0,1,0
262.77,18,2,0,0,0
528.0,17,0,0,0,0
19.1,8,1,0,0,0
50.46,1,2,1,1,1
141.98,19,0,0,0,0
119.08,11,0,0,0,0
16.71,1,3,0,1,0
169.19,9,1,0,0,0
25.42,0,5,0,1,0
25.34,3,3,0,1,0
77.0,11,3,0,0,0
89.88,8,2,0,0,0
86.77,3,5,0,1,1
9.59,8,1,0,0,0
209.93,5,3,0,1,0
30.87,0,1,0,1,0
13.87,9,3,0,0,0
219.6,13,2,0,0,0
311.57,21,2,0,0,0
198.14,17,1,0,0,0
165.82,5,0,0,1,0
106.49,17,1,0,0,0
80.04,19,3,0,0,0
9.1,15,0,0,0,0
52.5,14,1,0,0,0
46.63,15,0,1,0,0
30.08,7,2,0,0,0
128.53,12,1,0,0,0
68.49,22,2,0,0,0
8.45,10,1,1,0,0
24.87,6,2,0,0,0
114.97,16,2,0,0,0
7.92,17,1,1,0,0
190.52,21,0,0,0,0
68.35,22,2,0,0,0
65.51,18,1,0,0,0
89.75,12,3,0,0,0
174.11,14,1,0,0,0
42.74,22,1,0,0,0
113.33,21,1,0,0,0
83.41,21,1,1,0,0
31.06,0,0,0,1,0
210.89,15,3,0,0,0
159.67,4,2,0,1,0
107.43,2,1,0,1,0
190.1,22,3,0,0,0
201.96,9,1,0,0,0
123.22,18,0,1,0,0
181.41,4,1,0,1,0
119.56,6,1,1,0,0
113.99,13,4,1,0,0
96.39,2,4,1,1,0
139.72,12,3,0,0,0
17.27,12,4,0,0,0
212.75,9,1,0,0,0
205.45,1,2,0,1,0
2.97,5,2,0,1,0
174.76,7,2,1,0,0
13.8,3,3,0,1,0
40.81,11,0,0,0,0
136.07,14,4,0,0,0
17.53,7,4,0,0,0
170.36,6,3,0,0,0
178.46,13,1,0,0,0
70.82,22,2,0,0,0
0.64,18,1,0,0,0
33.83,13,2,0,0,0
95.95,21,2,0,0,0
397.32,12,1,0,0,0
99.92,20,2,0,0,0
30.08,0,2,0,1,0
100.51,18,2,0,0,0
77.65,0,3,0,1,0
151.34,3,5,1,1,1
11.31,9,0,0,0,0
143.14,2,0,0,1,0
77.93,19,5,0,0,0
329.66,8,2,0,0,0
41.84,2,2,1,1,1
100.14,5,1,0,1,0
268.87,5,4,0,1,0
10.82,22,2,0,0,0
276.83,11,0,0,0,0
116.44,22,4,0,0,0
7.02,0,1,0,1,0
35.81,15,0,0,0,0
123.16,23,3,0,1,0
6.97,4,2,0,1,0
87.27,8,1,0,0,0
42.45,9,0,1,0,0
97.0,12,2,0,0,0
4.68,14,0,0,0,0
205.21,11,0,0,0,0
363.02,4,2,0,1,0
346.98,4,4,0,1,1
138.49,17,2,0,0,0
13.94,11,2,1,0,0
141.99,2,1,0,1,0
2.49,6,1,0,0,0
2.24,16,5,0,0,0
39.1,18,1,1,0,0
67.07,17,2,0,0,0
147.14,0,1,0,1,0
114.98,23,2,0,1,0
59.04,4,4,0,1,0
31.97,1,2,0,1,0
585.15,0,2,0,1,0
55.54,6,0,1,0,0
60.04,10,2,0,0,0
17.87,10,0,0,0,0
158.38,17,2,0,0,0
118.31,16,3,0,0,0
24.94,1,1,0,1,0
8.6,6,1,0,0,0
114.1,6,1,0,0,0
106.28,9,1,0,0,0
31.92,21,2,0,0,0
301.32,20,4,0,0,0
16.38,2,3,0,1,0
56.62,11,2,0,0,0
287.56,2,0,0,1,0
54.43,10,1,1,0,0
101.76,11,1,0,0,0
50.68,3,0,0,1,0
32.05,15,0,0,0,0
413.38,19,1,0,0,0
52.65,17,2,0,0,0
224.53,3,2,0,1,0
26.13,21,3,0,0,0
23.97,5,2,0,1,0
3.16,20,0,0,0,0
105.46,14,2,0,0,0
45.97,0,2,0,1,0
199.77,2,5,0,1,1
64.1,4,2,0,1,0
344.81,21,1,0,0,0
20.52,16,1,0,0,0
202.97,13,1,0,0,0
149.88,8,0,0,0,0
147.37,2,0,0,1,0
186.29,12,2,0,0,0
143.14,2,1,0,1,0
98.41,10,4,0,0,0
14.07,1,2,1,1,1
3.31,23,0,0,1,0
253.64,14,0,0,0,0
95.88,12,1,1,0,0
159.23,18,0,0,0,0
65.69,21,2,0,0,0
12.48,15,1,0,0,0
13.37,17,3,1,0,0
115.7,6,2,0,0,0
56.27,12,1,0,0,0
22.38,3,4,1,1,0
67.65,8,3,0,0,0
6.64,9,2,0,0,0
87.22,8,6,0,0,0
31.33,6,6,0,0,0
159.73,14,0,0,0,0
37.16,7,3,0,0,0
60.74,18,2,0,0,0
1.17,10,3,0,0,0
7.52,4,2,0,1,0
49.84,1,4,0,1,0
65.38,9,0,0,0,0
91.63,15,0,0,0,0
34.48,22,3,0,0,0
118.74,12,3,0,0,0
196.7,7,1,1,0,0
151.35,8,1,1,0,0
4.04,10,2,0,0,0
65.49,10,2,0,0,0
11.09,22,2,0,0,0
27.71,15,3,0,0,0
431.72,9,3,1,0,0
15.37,23,0,0,1,0
69.09,11,3,0,0,0
96.27,5,3,0,1,0
121.22,11,2,0,0,0
82.02,9,1,0,0,0
0.98,17,1,0,0,0
39.52,17,1,0,0,0
72.92,3,2,0,1,0
9.2,8,1,0,0,0
43.17,6,2,0,0,0
3.38,17,3,0,0,0
8.18,7,2,1,0,0
50.57,10,2,0,0,0
14.24,6,2,0,0,0
83.83,8,1,0,0,0
116.95,7,1,0,0,0
161.24,2,1,0,1,0
22.33,16,0,0,0,0
18.33,1,0,0,1,0
11.04,14,0,0,0,0
101.18,13,1,0,0,0
122.58,17,1,0,0,0
3.21,15,2,0,0,0
275.22,19,1,0,0,0
5.34,21,3,0,0,0
77.94,3,3,0,1,0
123.46,19,4,1,0,0
204.77,5,1,0,1,0
125.21,5,1,0,1,0
161.81,10,2,0,0,0
41.47,16,3,0,0,0
168.65,23,2,0,1,0
8.35,2,6,0,1,1
225.21,12,0,0,0,0
79.32,21,2,0,0,0
169.99,2,1,1,1,0
60.21,15,1,0,0,0
103.16,14,1,0,0,0
74.74,10,2,0,0,0
131.52,17,0,0,0,0
8.52,14,3,0,0,0
6.23,4,2,0,1,0
28.38,15,2,0,0,0
17.38,15,0,0,0,0
205.4,16,1,0,0,0
24.75,8,0,0,0,0
372.41,22,1,0,0,0
41.08,2,1,0,1,0
20.1,19,3,0,0,0
155.92,12,0,1,0,0
107.5,21,1,0,0,0
68.95,2,0,0,1,0
81.05,6,3,0,0,0
127.01,5,1,0,1,0
25.94,8,2,1,0,0
560.86,11,4,0,0,0
368.06,14,3,0,0,0
105.08,20,3,0,0,0
22.26,19,2,0,0,0
114.01,2,1,0,1,0
7.49,9,2,0,0,0
3.11,0,2,0,1,0
29.8,18,4,0,0,0
62.11,18,4,0,0,0
202.7,22,1,0,0,0
129.89,22,2,0,0,0
135.75,12,2,0,0,0
55.42,11,2,1,0,0
42.45,0,1,0,1,0
46.37,18,1,0,0,0
439.41,23,1,0,1,0
4.09,15,4,0,0,0
201.76,22,3,0,0,0
86.44,22,2,0,0,0
57.73,14,2,0,0,0
129.19,15,3,0,0,0
66.68,10,1,0,0,0
206.69,23,2,0,1,0
230.96,5,2,0,1,0
54.77,10,2,0,0,0
32.41,2,4,0,1,0
89.73,14,0,0,0,0
243.46,0,2,0,1,0
23.66,6,1,0,0,0
97.54,0,5,1,1,1
99.85,16,1,0,0,0
132.09,8,3,0,0,0
14.11,22,3,0,0,0
125.82,12,4,0,0,0
239.73,10,1,0,0,0
19.81,19,4,0,0,0
27.12,5,3,0,1,0
355.42,0,1,0,1,0
19.96,6,2,0,0,0
192.68,11,0,0,0,0
67.78,21,2,0,0,0
28.4,19,1,1,0,0
204.6,22,4,0,0,0
58.93,18,1,0,0,0
72.32,16,1,0,0,0
44.51,3,5,0,1,0
89.88,2,1,0,1,0
17.86,0,0,0,1,0
49.61,17,1,0,0,0
348.72,20,1,0,0,0
29.86,14,2,0,0,0
106.93,7,2,0,0,0
39.33,0,2,0,1,0
148.49,19,0,0,0,0
14.03,13,0,0,0,0
350.06,3,2,0,1,0
60.48,4,4,0,1,0
26.93,22,4,0,0,0
7.63,12,2,0,0,0
18.6,23,2,0,1,0
73.35,14,3,0,0,0
41.1,5,2,0,1,0
176.54,0,1,0,1,0
56.37,22,1,0,0,0
28.6,18,2,0,0,0
96.01,12,1,0,0,0
122.68,5,1,0,1,0
18.28,14,1,0,0,0
18.35,15,2,0,0,0
3.74,23,2,0,1,0
133.33,22,1,0,0,0
109.01,15,2,0,0,0
64.37,9,1,0,0,0
185.9,21,3,0,0,0
163.82,8,2,0,0,0
88.03,8,3,0,0,0
202.7,16,3,0,0,0
23.05,16,2,0,0,0
11.87,16,2,0,0,0
31.44,23,2,0,1,0
5.88,11,1,0,0,0
75.75,12,0,0,0,0
275.84,11,3,0,0,0
4.01,13,2,1,0,0
13.02,9,2,0,0,0
60.18,22,2,0,0,0
271.62,18,0,0,0,0
38.0,1,1,0,1,0
70.77,3,2,1,1,0
4.25,18,3,0,0,0
16.06,6,1,0,0,0
431.48,14,2,0,0,0
335.58,14,0,0,0,0
0.5,23,3,1,1,0
303.26,5,1,0,1,1
101.92,2,3,0,1,0
202.43,5,3,0,1,0
60.65,15,2,0,0,0
72.48,1,1,0,1,0
67.11,6,1,0,0,0
109.92,10,2,0,0,0
15.04,6,0,0,0,0
3.04,3,3,0,1,0
36.81,23,3,0,1,0
121.97,19,0,1,0,0
22.55,6,2,0,0,0
111.91,3,0,0,1,0
350.36,11,3,0,0,0
9.86,4,0,1,1,0
111.66,22,5,0,0,0
58.65,18,5,0,0,0
202.6,4,2,0,1,0
19.5,18,1,0,0,0
117.97,20,3,1,0,0
182.09,2,1,1,1,0
289.34,10,2,0,0,0
114.96,6,3,0,0,0
68.75,16,2,0,0,0
96.19,8,2,0,0,0
203.18,20,3,0,0,0
84.54,8,3,0,0,0
3.09,9,3,0,0,0
267.29,12,1,0,0,0
116.97,14,2,0,0,0
112.86,21,2,0,0,0
24.29,4,3,0,1,0
107.55,2,3,0,1,0
50.07,7,1,0,0,0
105.34,19,2,0,0,0
11.27,9,4,1,0,0
107.25,12,1,0,0,0
744.17,2,1,0,1,1
4.94,21,3,0,0,0
377.99,7,2,0,0,0
52.24,8,1,0,0,0
204.6,21,2,0,0,0
152.5,20,0,0,0,0
83.71,11,0,0,0,0
134.11,10,1,0,0,0
210.8,1,2,1,1,0
51.78,17,1,0,0,0
39.61,8,0,0,0,0
110.14,1,0,0,1,0
164.95,1,2,0,1,0
143.67,2,2,0,1,0
159.86,15,1,0,0,0
57.2,18,2,0,0,0
170.28,3,0,0,1,0
12.81,22,0,0,0,0
78.63,17,3,0,0,0
0.58,19,2,0,0,0
39.24,17,2,0,0,0
45.64,9,3,1,0,0
50.45,10,1,0,0,0
118.9,16,2,0,0,0
49.19,23,0,1,1,1
59.55,22,2,0,0,0
27.12,23,3,0,1,0
46.72,19,0,0,0,0
25.78,15,2,0,0,0
7.6,19,3,0,0,0
92.49,12,0,0,0,0
110.33,1,0,0,1,0
96.62,23,1,0,1,0
62.27,1,2,0,1,0
47.77,13,0,0,0,0
199.02,3,2,0,1,0
73.21,16,0,0,0,0
65.24,12,1,0,0,0
2.6,3,2,0,1,0
41.74,2,1,0,1,0
47.84,11,1,0,0,0
50.89,21,2,0,0,0
86.79,22,1,0,0,0
76.27,7,1,0,0,0
93.63,1,0,0,1,0
144.77,5,0,0,1,0
167.66,21,2,0,0,0
126.63,9,4,0,0,0
311.28,11,0,0,0,0
1.84,20,1,0,0,0
21.79,9,0,0,0,0
0.76,9,0,0,0,0
104.26,22,2,0,0,0
228.31,2,1,0,1,0
27.9,19,1,0,0,0
261.78,9,1,0,0,0
6.22,8,1,0,0,0
272.47,19,4,0,0,0
43.33,18,1,0,0,0
10.69,13,2,0,0,0
66.53,1,1,0,1,0
29.68,4,2,0,1,0
33.53,19,2,0,0,0
36.71,7,1,0,0,0
162.47,6,3,0,0,0
77.47,5,3,0,1,0
37.3,10,1,0,0,0
94.25,11,2,0,0,0
125.93,17,3,0,0,0
31.83,18,6,0,0,0
53.37,9,2,0,0,0
13.0,20,1,0,0,0
19.99,13,3,0,0,0
114.29,2,2,0,1,0
20.02,17,1,0,0,0
74.48,23,2,1,1,0
123.46,14,1,1,0,0
11.3,5,2,0,1,0
83.77,9,3,1,0,0
29.65,11,1,0,0,0
329.49,6,1,0,0,0
66.08,16,5,1,0,0
163.99,0,1,0,1,0
79.9,17,0,0,0,0
4.44,14,1,0,0,0
100.28,18,1,0,0,0
302.42,0,2,0,1,1
92.03,4,5,1,1,1
171.03,14,1,1,0,0
215.59,2,2,0,1,0
25.89,0,4,0,1,0
23.83,7,3,0,0,0
94.41,11,2,0,0,0
52.94,21,0,0,0,0
183.17,18,3,1,0,0
230.28,11,3,0,0,0
43.61,12,0,0,0,0
27.03,0,0,0,1,0
151.65,18,3,0,0,0
32.13,5,4,0,1,0
172.94,7,2,0,0,0
55.12,3,2,0,1,0
110.13,4,0,0,1,0
10.04,21,3,0,0,0
97.78,6,1,0,0,0
60.11,22,4,0,0,0
88.34,3,2,0,1,0
18.39,19,2,0,0,0
133.51,3,2,0,1,0
198.63,14,3,0,0,0
24.43,20,2,0,0,0
10.06,4,3,0,1,0
2.39,23,0,0,1,0
102.71,8,3,0,0,0
93.42,1,0,0,1,0
79.12,6,2,0,0,0
26.39,16,3,0,0,0
49.58,15,1,0,0,0
90.26,16,0,0,0,0
68.67,19,2,0,0,0
440.51,22,2,0,0,0
14.67,1,2,0,1,0
118.79,10,0,0,0,0
51.8,1,1,0,1,0
55.9,0,3,1,1,0
126.44,1,1,0,1,0
117.91,22,0,0,0,0
473.94,8,2,0,0,0
13.74,21,3,0,0,0
10.99,1,1,0,1,0
128.86,14,5,0,0,0
86.37,9,1,0,0,0
32.04,14,0,0,0,0
8.28,9,3,0,0,0
8.96,22,0,0,0,0
224.61,16,2,0,0,0
21.3,8,0,0,0,0
39.06,17,4,0,0,0
25.7,3,1,1,1,0
43.85,8,3,0,0,0
7.2,15,0,0,0,0
73.2,3,1,0,1,0
7.0,15,1,0,0,0
161.12,18,1,0,0,0
26.62,0,2,0,1,0
77.66,22,1,0,0,0
212.09,5,0,0,1,0
105.23,9,1,0,0,0
76.13,15,4,0,0,0
39.21,3,1,0,1,0
40.5,21,2,0,0,0
110.71,21,5,0,0,0
513.95,12,2,0,0,0
108.42,15,5,1,0,0
81.6,19,4,0,0,0
131.17,5,2,0,1,0
62.59,10,1,0,0,0
6.2,23,3,0,1,0
82.62,2,1,0,1,0
316.12,19,2,0,0,0
19.27,9,3,0,0,0
117.12,0,2,0,1,0
22.43,19,3,1,0,0
76.75,10,3,0,0,0
10.17,11,3,0,0,0
59.85,13,5,0,0,0
141.13,7,3,1,0,0
42.71,10,3,0,0,0
109.34,3,1,0,1,0
158.69,6,2,0,0,0
261.97,9,2,0,0,0
26.74,18,0,0,0,0
50.97,3,0,0,1,0
16.54,1,2,0,1,0
489.07,20,5,0,0,1
261.73,17,2,0,0,0
77.64,13,0,0,0,0
184.54,15,1,0,0,0
73.6,21,2,0,0,0
97.71,10,2,0,0,0
9.33,9,4,0,0,0
140.76,16,1,0,0,0
13.66,13,1,1,0,0
174.91,21,2,0,0,0
152.34,3,2,0,1,0
123.36,18,0,0,0,0
3.68,1,2,0,1,0
36.12,6,3,0,0,0
30.53,8,0,0,0,0
44.65,18,2,0,0,0
9.17,15,2,0,0,0
276.4,21,2,0,0,0
80.7,15,0,0,0,0
36.46,17,2,0,0,0
50.58,22,3,0,0,0
59.28,20,2,0,0,0
91.78,20,0,1,0,0
72.5,10,1,1,0,0
251.82,6,2,0,0,0
68.71,8,0,0,0,0
484.83,3,3,0,1,0
190.67,12,0,0,0,0
23.38,3,1,0,1,0
266.78,18,3,0,0,0
12.37,1,2,0,1,0
170.07,8,0,1,0,0
47.9,11,2,0,0,0
210.35,1,0,0,1,0
202.54,5,3,1,1,0
163.95,4,2,0,1,0
156.08,4,1,1,1,1
36.34,19,3,0,0,0
8.44,21,1,0,0,0
51.58,4,1,0,1,0
19.06,3,2,0,1,0
118.73,8,4,0,0,0
42.48,21,3,0,0,0
371.36,9,2,0,0,0
102.44,15,3,0,0,0
172.87,9,3,0,0,0
14.22,9,3,0,0,0
198.06,18,1,1,0,0
256.08,9,2,0,0,0
66.76,5,0,0,1,0
93.2,16,0,0,0,0
144.74,4,1,0,1,0
19.22,5,2,1,1,1
69.83,23,3,0,1,0
50.86,14,2,1,0,0
15.83,18,0,1,0,0
45.81,17,0,0,0,0
7.06,3,3,0,1,0
2.62,7,5,0,0,0
14.52,15,1,0,0,0
330.0,23,1,0,1,0
79.75,18,0,1,0,0
337.62,19,5,0,0,1
56.65,2,2,0,1,0
37.37,9,2,0,0,0
70.55,1,1,0,1,0
57.89,3,0,0,1,0
11.17,5,3,0,1,0
102.39,10,3,0,0,0
24.34,13,2,0,0,0
96.65,15,2,0,0,0
105.04,20,4,1,0,0
16.49,18,2,0,0,0
6.33,1,2,0,1,0
151.76,16,1,0,0,0
61.58,8,1,1,0,0
5.99,16,0,0,0,0
527.19,14,0,0,0,0
5.95,6,1,0,0,0
118.76,21,3,1,0,0
411.53,22,3,0,0,0
27.34,18,4,0,0,0
15.34,2,3,0,1,0
12.94,0,1,0,1,0
36.14,3,2,0,1,0
10.65,17,3,0,0,0
117.82,7,1,0,0,0
6.43,18,0,0,0,0
71.22,22,3,0,0,0
571.29,22,1,0,0,0
168.18,5,1,0,1,0
95.51,0,1,0,1,0
36.56,7,0,0,0,0
97.79,0,1,0,1,0
74.87,18,2,0,0,0
55.53,10,4,0,0,0
14.01,20,1,0,0,0
217.69,23,2,0,1,0
59.74,14,1,0,0,0
21.64,22,1,0,0,0
45.85,10,1,0,0,0
53.47,18,0,0,0,0
175.76,20,3,0,0,0
132.28,9,5,0,0,0
146.67,23,3,0,1,0
1.11,11,0,0,0,0
53.81,0,0,0,1,0
65.65,23,1,0,1,0
1.94,6,1,0,0,0
30.09,16,1,0,0,0
142.83,9,1,0,0,0
14.75,5,3,0,1,0
76.64,16,1,0,0,0
24.23,17,1,0,0,0
1.22,4,2,0,1,0
27.6,17,2,0,0,0
372.45,16,2,0,0,0
161.72,21,2,0,0,0
320.83,15,1,0,0,0
66.91,7,1,0,0,0
11.62,23,3,0,1,0
79.4,12,4,0,0,0
60.58,23,3,0,1,0
186.02,15,1,0,0,0
10.32,10,3,1,0,0
66.99,5,3,0,1,0
16.26,2,2,0,1,0
39.26,0,0,0,1,0
133.7,17,4,1,0,0
64.63,4,3,0,1,0
47.14,12,4,0,0,0
50.17,9,4,0,0,0
61.52,4,4,0,1,0
153.72,13,3,0,0,0
222.64,16,2,0,0,0
310.86,0,0,0,1,0
154.6,1,1,0,1,0
37.89,6,1,0,0,0
116.52,9,0,0,0,0
57.55,19,2,0,0,0
29.39,6,1,0,0,0
183.8,23,1,0,1,0
3.92,15,2,0,0,0
232.04,4,2,0,1,0
61.89,11,3,0,0,0
101.39,16,2,0,0,0
107.69,15,3,0,0,0
225.49,19,1,0,0,0
101.24,15,2,1,0,0
95.17,18,3,1,0,0
6.9,14,3,0,0,0
73.07,11,1,0,0,0
16.27,20,1,0,0,0
133.73,9,3,0,0,0
71.79,21,0,0,0,0
114.01,1,0,0,1,0
4.26,6,2,0,0,0
8.86,12,3,0,0,0
125.99,2,2,0,1,0
7.48,14,0,0,0,0
7.39,0,2,0,1,0
1.22,2,4,0,1,0
313.5,9,2,1,0,0
133.75,14,3,0,0,0
43.58,21,1,0,0,0
35.17,5,0,1,1,0
43.03,19,2,0,0,0
149.01,14,0,0,0,0
108.28,23,2,0,1,0
20.48,20,2,0,0,0
19.13,6,1,0,0,0
10.36,20,1,0,0,0
107.97,4,4,0,1,0
144.55,3,1,1,1,0
30.79,21,2,0,0,0
2.12,17,0,1,0,0
8.57,2,1,0,1,0
343.77,16,1,1,0,1
35.02,17,3,0,0,0
146.63,17,1,0,0,0
97.99,23,5,0,1,0
48.12,23,2,0,1,0
23.03,1,2,0,1,0
12.94,12,0,0,0,0
95.45,21,4,0,0,0
149.0,14,0,0,0,0
103.26,4,1,0,1,0
75.57,2,4,0,1,0
4.29,4,1,0,1,0
345.74,4,0,0,1,1
160.3,4,1,0,1,0
34.65,2,1,0,1,0
391.05,2,1,0,1,1
92.1,19,1,0,0,0
87.33,22,1,0,0,0
137.86,17,3,0,0,0
167.01,19,3,0,0,0
106.85,3,1,0,1,0
13.71,0,2,0,1,0
41.29,15,3,0,0,0
263.23,7,3,0,0,0
25.44,16,1,0,0,0
46.55,7,1,0,0,0
56.58,6,4,0,0,0
57.88,7,5,0,0,0
94.92,20,2,0,0,0
286.6,23,4,0,1,0
27.53,11,3,0,0,0
12.95,15,4,0,0,0
22.0,11,2,0,0,0
217.97,18,2,0,0,0
103.79,9,1,0,0,0
33.67,6,2,0,0,0
169.25,11,1,0,0,0
197.59,19,1,0,0,0
187.41,4,0,0,1,0
251.24,15,2,0,0,0
29.07,8,5,1,0,0
140.67,6,2,0,0,0
61.72,19,1,0,0,0
184.52,21,0,0,0,0
130.38,13,2,0,0,0
149.81,10,1,1,0,0
106.76,6,1,0,0,0
19.53,9,1,0,0,0
78.75,8,3,1,0,0
417.79,3,5,0,1,1
277.08,15,4,0,0,0
4.41,9,3,1,0,0
18.01,18,3,0,0,0
14.13,23,1,0,1,0
129.46,16,1,0,0,0
170.26,8,3,0,0,0
24.02,12,0,0,0,0
70.49,0,2,0,1,0
183.7,1,2,0,1,0
131.98,12,2,0,0,0
78.14,23,0,0,1,0
89.24,8,1,0,0,0
71.0,6,2,0,0,0
35.32,15,1,0,0,0
83.25,18,2,0,0,0
116.76,6,0,0,0,0
206.61,5,0,0,1,0
101.14,17,4,1,0,0
143.18,18,3,0,0,0
17.44,10,0,0,0,0
61.91,11,0,0,0,0
0.94,9,3,0,0,0
28.33,12,2,0,0,0
129.63,11,4,0,0,0
480.48,20,4,0,0,0
10.44,9,1,0,0,0
51.33,19,0,0,0,0
160.98,17,3,0,0,0
22.82,3,2,0,1,0
80.99,23,2,0,1,0
132.08,4,1,0,1,0
95.71,4,3,0,1,0
20.83,11,1,0,0,0
43.91,2,1,0,1,0
153.15,7,1,0,0,0
80.79,21,1,0,0,0
0.52,1,1,0,1,0
143.13,17,3,0,0,0
3.59,8,1,0,0,0
136.94,12,2,0,0,0
22.62,6,2,0,0,0
317.18,9,1,0,0,0
45.88,8,2,0,0,0
39.59,21,1,0,0,0
16.12,14,0,0,0,0
36.47,4,0,0,1,0
209.27,11,4,0,0,0
560.87,0,1,0,1,1
45.94,11,1,0,0,0
59.53,21,5,0,0,0
128.04,5,2,0,1,0
217.33,18,2,0,0,0
89.91,18,3,0,0,0
49.68,15,2,1,0,0
53.21,18,0,0,0,0
118.95,2,0,0,1,0
0.32,22,1,0,0,0
96.65,9,2,0,0,0
43.93,17,0,0,0,0
158.08,12,0,0,0,0
9.76,17,1,0,0,0
88.72,2,2,0,1,0
65.58,22,2,0,0,0
102.81,2,1,0,1,0
6.71,22,0,1,0,0
86.75,11,3,0,0,0
82.44,19,3,0,0,0
82.25,6,3,0,0,0
92.5,23,1,0,1,0
112.85,7,2,0,0,0
163.47,8,1,0,0,0
31.45,13,2,0,0,0
174.33,4,2,0,1,0
68.97,20,1,0,0,0
8.02,18,0,0,0,0
6.03,20,0,0,0,0
40.68,15,3,0,0,0
153.66,23,2,0,1,0
122.99,11,0,0,0,0
155.41,20,1,0,0,0
72.83,3,0,0,1,0
58.02,7,1,0,0,0
15.95,6,2,1,0,0
39.78,14,1,0,0,0
56.92,5,2,0,1,0
9.28,4,2,0,1,0
24.92,13,3,0,0,0
91.19,20,2,0,0,0
133.05,12,1,0,0,0
640.55,9,1,1,0,0
270.48,17,2,0,0,0
102.88,3,1,0,1,0
54.69,7,1,0,0,0
101.11,23,0,0,1,0
154.02,10,1,0,0,0
12.59,16,0,1,0,0
52.75,17,1,1,0,0
183.13,20,0,1,0,0
48.42,10,2,0,0,0
84.83,15,0,0,0,0
88.62,11,3,0,0,0
20.39,12,3,0,0,0
44.98,15,1,0,0,0
40.72,22,0,0,0,0
2.65,20,2,0,0,0
2.45,0,2,1,1,0
178.2,15,1,0,0,0
31.89,14,1,0,0,0
73.0,5,1,0,1,0
35.49,11,0,0,0,0
282.48,7,5,0,0,1
30.02,6,1,0,0,0
56.15,1,0,1,1,0
206.14,11,1,0,0,0
184.47,20,3,0,0,0
20.59,13,0,0,0,0
162.27,15,1,1,0,0
61.28,10,2,0,0,0
65.97,19,2,0,0,0
14.33,8,1,0,0,0
8.4,9,2,0,0,0
130.17,16,1,0,0,0
68.61,11,2,0,0,0
57.42,5,4,1,1,0
130.75,18,1,0,0,0
145.04,10,2,0,0,0
17.31,8,3,1,0,0
94.22,20,0,0,0,0
14.54,5,1,0,1,0
139.18,23,4,0,1,0
106.99,15,1,0,0,0
313.76,19,2,0,0,0
7.15,15,2,0,0,0
5.87,5,1,0,1,0
33.15,4,1,1,1,1
30.34,20,1,0,0,0
28.37,3,0,0,1,0
236.72,1,1,0,1,0
28.71,5,2,0,1,0
31.74,8,2,0,0,0
142.46,16,0,0,0,0
59.74,13,3,0,0,0
149.93,6,4,0,0,0
6.76,21,2,1,0,0
66.86,18,1,0,0,0
3.42,0,0,1,1,0
6.47,19,1,0,0,0
236.91,14,5,0,0,0
14.99,17,1,0,0,0
76.02,2,2,0,1,0
52.95,17,2,0,0,0
42.67,1,1,0,1,0
230.09,9,3,0,0,0
2.21,10,2,0,0,0
109.0,23,2,0,1,0
330.76,2,1,0,1,0
82.14,6,2,0,0,0
276.18,7,4,0,0,0
5.37,18,0,0,0,0
54.26,17,2,1,0,0
30.13,12,0,0,0,0
131.24,12,0,0,0,0
397.91,23,0,0,1,0
29.64,18,0,0,0,0
106.18,22,0,0,0,0
22.08,11,2,0,0,0
83.32,16,1,0,0,0
62.35,21,3,1,0,0
357.57,11,0,0,0,0
93.78,12,1,0,0,0
43.0,11,1,0,0,0
12.11,18,1,0,0,0
16.4,13,1,1,0,0
25.53,6,1,0,0,0
28.9,12,2,0,0,0
190.12,5,0,0,1,0
82.38,23,1,0,1,0
74.11,18,1,0,0,0
12.19,18,1,0,0,0
196.71,3,1,0,1,0
128.31,18,3,0,0,0
7.01,8,1,0,0,0
123.04,15,0,0,0,0
78.43,3,3,0,1,0
8.53,5,1,0,1,0
61.3,7,1,0,0,0
66.3,23,3,0,1,0
18.13,15,1,0,0,0
291.32,4,0,0,1,0
189.7,20,3,0,0,0
110.57,21,0,0,0,0
62.04,9,1,0,0,0
53.06,22,2,0,0,0
105.26,12,4,0,0,0
78.84,13,5,0,0,0
6.43,6,1,0,0,0
71.85,19,3,0,0,0
164.2,5,0,1,1,0
61.48,6,0,1,0,0
5.34,4,3,0,1,0
154.31,20,3,0,0,0
22.48,17,2,0,0,0
29.92,22,0,0,0,0
18.0,11,0,0,0,0
40.08,5,3,0,1,0
141.37,0,2,0,1,0
73.27,3,2,0,1,0
22.93,18,0,0,0,0
210.23,11,1,0,0,0
211.68,14,2,0,0,0
204.47,2,3,0,1,0
27.29,22,2,0,0,0
60.01,19,1,0,0,0
419.9,7,1,0,0,0
147.85,10,0,0,0,0
2.75,15,0,0,0,0
6.74,8,0,0,0,0
62.35,2,3,0,1,0
239.93,4,5,0,1,1
77.37,19,3,0,0,0
68.88,13,0,1,0,0
11.15,14,0,0,0,0
106.94,5,2,0,1,0
172.66,3,2,0,1,0
47.87,7,1,0,0,0
149.44,18,0,0,0,0
333.76,4,2,0,1,1
22.79,12,3,0,0,0
74.09,15,5,1,0,1
33.85,0,3,0,1,0
157.43,12,3,0,0,0
86.18,21,1,0,0,0
100.67,10,1,1,0,0
159.91,20,2,0,0,0
50.41,7,1,0,0,0
246.62,7,2,1,0,0
76.15,23,2,0,1,0
17.19,13,1,0,0,0
119.04,12,4,0,0,0
157.63,2,2,0,1,0
38.09,3,1,0,1,0
194.62,19,4,0,0,0
236.6,14,1,0,0,0
32.42,14,0,1,0,0
410.57,20,1,0,0,0
15.17,12,3,0,0,0
22.57,8,5,0,0,0
20.36,9,5,0,0,0
224.42,11,2,0,0,0
106.22,13,4,1,0,0
16.5,0,1,0,1,0
58.04,13,2,0,0,0
95.53,13,3,1,0,0
8.72,7,2,0,0,0
214.06,15,0,0,0,0
162.76,13,2,1,0,0
70.36,0,1,0,1,0
341.51,15,4,0,0,0
54.09,17,3,0,0,0
414.21,6,1,0,0,0
110.24,14,2,0,0,0
100.7,23,1,0,1,0
18.15,16,1,0,0,0
213.65,18,0,0,0,0
55.77,22,2,1,0,0
17.7,12,0,0,0,0
1.27,8,1,0,0,0
82.04,23,0,0,1,0
74.95,23,0,0,1,0
127.07,14,1,0,0,0
220.96,2,0,0,1,0
8.27,23,2,0,1,0
131.49,0,0,0,1,0
20.75,15,1,0,0,0
195.32,7,1,0,0,0
170.96,22,1,0,0,0
77.83,12,2,0,0,0
123.87,7,1,0,0,0
37.74,16,3,0,0,0
63.71,21,4,0,0,0
172.39,22,4,0,0,0
61.48,13,3,0,0,0
44.29,20,5,0,0,0
68.16,20,1,0,0,0
176.17,6,0,0,0,0
40.83,14,0,0,0,0
19.09,15,6,0,0,0
124.48,18,0,0,0,0
174.86,5,1,0,1,0
10.61,22,2,0,0,0
27.43,0,0,0,1,0
15.31,11,2,0,0,0
42.76,17,2,0,0,0
59.85,15,3,0,0,0
138.16,11,3,0,0,0
105.31,19,0,0,0,0
97.0,12,2,0,0,0
43.44,7,2,0,0,0
184.17,21,1,0,0,0
63.73,0,0,0,1,0
386.82,20,1,0,0,0
100.55,6,2,0,0,0
13.5,14,3,0,0,0
112.76,21,3,0,0,0
39.32,12,0,1,0,0
115.94,12,4,1,0,0
7.22,8,3,0,0,0
19.22,23,1,0,1,0
193.61,14,1,0,0,0
25.77,3,1,1,1,0
181.43,12,6,0,0,0
32.75,11,3,0,0,0
102.97,4,0,0,1,0
118.47,6,2,0,0,0
71.88,7,2,0,0,0
36.43,4,2,1,1,0
23.91,8,3,0,0,0
3.38,13,3,0,0,0
36.23,11,1,0,0,0
105.89,3,2,0,1,0
278.55,19,0,0,0,0
204.95,7,1,0,0,0
145.27,16,2,0,0,0
155.33,7,1,0,0,0
109.36,20,1,0,0,0
30.15,0,3,1,1,0
237.73,19,0,1,0,0
111.09,1,5,0,1,1
82.2,3,1,0,1,0
11.76,23,3,0,1,0
59.25,20,3,1,0,0
61.68,0,1,0,1,0
199.93,6,3,0,0,0
79.11,0,2,0,1,0
47.87,8,2,0,0,0
376.36,2,1,0,1,0
11.73,11,1,0,0,0
54.91,18,4,0,0,0
4.29,14,0,0,0,0
134.67,21,4,0,0,0
250.2,15,3,0,0,0
32.86,9,1,0,0,0
195.43,21,1,0,0,0
34.56,5,4,0,1,0
241.65,16,4,0,0,0
140.23,20,2,0,0,0
163.43,21,0,0,0,0
1.82,23,0,1,1,0
329.17,16,0,0,0,0
129.71,20,1,0,0,0
36.35,18,0,0,0,0
176.84,17,0,0,0,0
33.06,10,4,0,0,0
206.16,23,0,1,1,1
11.94,6,3,0,0,0
121.63,9,0,0,0,0
77.8,6,1,0,0,0
10.15,4,4,1,1,0
27.69,11,4,0,0,0
1.25,15,1,0,0,0
63.26,20,1,0,0,0
35.85,17,2,0,0,0
91.22,2,0,0,1,0
35.27,19,2,0,0,0
35.66,14,0,0,0,0
135.94,4,2,0,1,0
4.93,12,2,0,0,0
233.2,18,0,0,0,0
191.23,11,3,1,0,0
110.2,22,2,0,0,0
89.95,20,1,0,0,0
222.84,4,2,0,1,0
20.5,5,0,0,1,0
8.23,6,0,0,0,0
27.38,9,4,0,0,0
158.27,15,1,0,0,0
3.53,7,0,0,0,0
87.42,8,5,0,0,0
538.99,3,5,0,1,1
193.58,20,2,0,0,0
73.7,20,1,0,0,0
6.58,7,1,0,0,0
178.01,6,0,0,0,0
91.37,14,2,0,0,0
12.21,20,2,0,0,0
9.86,2,1,0,1,0
240.38,16,0,0,0,0
110.62,10,2,0,0,0
176.78,8,0,0,0,0
211.18,4,2,0,1,0
84.81,9,0,0,0,0
72.87,14,0,0,0,0
56.29,13,1,0,0,0
38.12,3,1,0,1,0
57.02,20,1,0,0,0
148.67,19,1,0,0,0
92.11,1,2,0,1,0
223.05,11,4,0,0,0
58.59,0,1,0,1,0
93.42,23,2,0,1,0
99.78,19,4,0,0,0
89.57,4,0,0,1,0
121.28,5,2,1,1,0
27.11,23,2,0,1,0
71.82,10,1,0,0,0
11.01,7,3,0,0,0
48.53,6,0,0,0,0
66.88,3,1,0,1,0
105.62,5,6,0,1,0
300.64,15,2,0,0,0
91.79,19,1,0,0,0
136.1,14,3,0,0,0
70.58,13,1,0,0,0
100.54,22,4,0,0,0
7.36,11,4,0,0,0
29.36,11,1,0,0,0
44.92,15,2,0,0,0
63.96,14,1,0,0,0
4.67,12,1,1,0,0
15.09,10,1,0,0,0
32.41,16,2,0,0,0
355.9,20,3,0,0,0
40.25,14,5,0,0,0
65.79,13,3,0,0,0
21.83,9,1,0,0,0
94.36,11,2,0,0,0
32.95,15,2,0,0,0
23.19,14,4,0,0,0
72.69,9,5,0,0,0
0.55,3,1,1,1,1
0.77,22,1,0,0,0
24.73,8,3,0,0,0
3.74,20,2,0,0,0
11.43,19,0,0,0,0
41.38,8,1,0,0,0
162.25,20,4,0,0,0
84.87,23,2,1,1,0
71.88,19,2,0,0,0
34.74,10,3,0,0,0
268.46,10,5,0,0,0
50.59,6,1,1,0,0
9.11,20,0,0,0,0
95.99,9,0,0,0,0
12.09,3,2,1,1,1
42.35,4,1,0,1,0
70.81,4,3,0,1,0
207.32,10,2,0,0,0
68.03,8,0,0,0,0
121.15,15,2,0,0,0
493.6,8,2,0,0,0
14.1,21,0,0,0,0
32.12,3,4,0,1,0
50.18,1,0,0,1,0
54.79,13,4,0,0,0
52.94,2,1,0,1,0
238.17,17,0,0,0,0
125.19,20,3,0,0,0
93.63,5,3,1,1,0
37.02,10,2,0,0,0
173.61,20,3,0,0,0
310.24,17,1,0,0,0
172.15,11,1,0,0,0
0.16,4,1,0,1,0
101.17,8,4,0,0,0
5.25,19,0,0,0,0
29.79,17,1,0,0,0
6.14,18,0,0,0,0
92.58,2,2,0,1,0
116.02,8,1,0,0,0
12.16,3,1,0,1,0
48.42,16,1,0,0,0
60.92,16,3,0,0,0
46.05,22,1,0,0,0
12.9,22,1,0,0,0
54.29,1,1,1,1,0
139.1,8,2,0,0,0
7.37,8,1,0,0,0
8.36,4,2,0,1,0
43.82,14,1,0,0,0
284.26,14,2,1,0,1
110.43,2,2,0,1,0
113.53,18,0,0,0,0
44.93,2,3,0,1,0
90.06,5,1,0,1,0
1.02,3,4,0,1,0
101.09,23,1,0,1,0
244.52,12,3,0,0,0
94.82,12,3,1,0,0
206.91,10,4,0,0,0
128.73,4,1,0,1,0
12.85,0,1,0,1,0
232.74,8,2,0,0,0
6.88,16,1,0,0,0
76.35,21,2,0,0,0
15.33,0,2,0,1,0
1.18,2,2,1,1,0
54.82,14,1,0,0,0
34.96,20,1,0,0,0
66.55,22,3,0,0,0
86.09,9,0,0,0,0
4.47,7,1,0,0,0
13.13,11,2,0,0,0
81.79,21,0,0,0,0
42.03,14,1,0,0,0
130.63,8,3,0,0,0
105.64,23,1,0,1,0
186.82,9,0,0,0,0
117.93,19,4,0,0,0
56.2,8,1,0,0,0
111.77,14,0,0,0,0
32.21,22,2,1,0,0
36.57,20,2,1,0,0
155.58,20,2,0,0,0
59.13,0,1,0,1,0
160.14,1,2,0,1,0
172.83,18,0,0,0,0
194.89,13,2,0,0,0
248.45,7,4,1,0,0
56.38,5,2,0,1,0
38.4,11,3,0,0,0
87.27,14,1,1,0,0
46.39,13,0,0,0,0
91.9,20,2,0,0,0
122.28,0,1,0,1,0
116.61,10,0,0,0,0
46.93,2,1,0,1,0
18.26,18,3,0,0,0
56.3,17,1,0,0,0
15.38,19,4,0,0,0
220.82,1,0,0,1,0
42.45,6,2,0,0,0
16.78,7,0,0,0,0
2.58,18,2,1,0,0
103.8,21,1,0,0,0
101.31,14,2,0,0,0
41.64,9,1,0,0,0
7.44,21,1,0,0,0
52.7,0,2,0,1,0
37.28,5,1,0,1,0
113.05,12,1,0,0,0
93.08,13,2,0,0,0
45.35,2,1,0,1,0
24.58,10,0,1,0,0
442.59,2,1,0,1,0
60.51,18,2,0,0,0
116.56,9,1,0,0,0
15.15,14,0,0,0,0
66.47,10,3,0,0,0
2.79,14,1,0,0,0
70.41,23,2,1,1,0
332.47,12,3,0,0,0
48.48,4,0,1,1,1
3.98,3,1,0,1,0
3.14,12,4,0,0,0
49.1,8,3,0,0,0
17.44,16,3,0,0,0
2.36,1,2,0,1,0
141.15,23,1,0,1,0
61.35,4,2,0,1,0
34.14,15,1,0,0,0
230.34,6,4,0,0,0
12.35,0,2,0,1,0
312.17,11,0,0,0,0
37.68,20,3,0,0,0
219.29,10,4,0,0,0
92.37,11,3,0,0,0
175.28,18,3,0,0,0
413.6,11,0,0,0,0
34.02,11,5,0,0,0
324.77,13,3,0,0,0
49.34,1,5,0,1,0
48.7,1,2,0,1,0
41.61,3,0,0,1,0
77.96,19,3,0,0,0
16.74,22,1,0,0,0
80.68,15,0,0,0,0
78.02,9,3,0,0,0
143.51,12,1,0,0,0
179.37,1,2,0,1,0
58.06,2,2,0,1,0
36.0,18,1,0,0,0
30.02,5,3,0,1,0
21.64,18,3,0,0,0
5.94,20,3,0,0,0
41.92,19,5,0,0,0
31.51,18,0,0,0,0
339.37,7,0,0,0,0
81.58,13,1,0,0,0
42.66,9,2,0,0,0
86.86,2,4,0,1,0
14.99,5,2,0,1,0
58.71,14,3,0,0,0
98.41,22,0,0,0,0
67.12,22,0,0,0,0
51.38,17,1,0,0,0
509.1,13,1,0,0,0
212.29,18,3,0,0,0
97.66,9,3,0,0,0
84.25,14,5,0,0,0
96.93,3,3,0,1,0
22.48,22,2,1,0,0
50.28,1,1,0,1,0
4.03,2,4,0,1,0
64.54,6,2,0,0,0
78.31,22,1,0,0,0
25.84,15,1,0,0,0
332.5,9,0,0,0,0
240.19,18,2,0,0,0
128.06,16,2,1,0,0
76.23,18,0,0,0,0
204.0,4,2,0,1,0
14.0,22,0,0,0,0
156.31,19,2,0,0,0
13.33,12,2,0,0,0
158.09,12,0,0,0,0
32.26,10,2,1,0,0
209.63,10,2,1,0,0
288.32,15,1,0,0,0
16.11,14,1,0,0,0
62.12,16,2,0,0,0
396.27,21,1,0,0,0
66.05,17,2,0,0,0
199.18,18,2,0,0,0
88.85,3,1,0,1,0
47.05,21,2,0,0,0
33.66,21,1,0,0,0
22.72,22,4,0,0,0
143.46,4,0,0,1,0
48.86,6,0,0,0,0
71.6,1,3,0,1,0
67.79,0,1,1,1,1
86.1,11,2,0,0,0
200.68,9,2,0,0,0
394.97,7,2,1,0,1
52.35,0,1,0,1,0
175.75,11,3,0,0,0
144.62,1,0,0,1,0
85.22,9,2,0,0,0
312.46,21,0,0,0,0
22.37,16,4,0,0,0
11.57,2,2,0,1,0
192.39,6,4,0,0,0
57.83,11,5,0,0,0
187.71,7,3,0,0,0
223.58,19,0,0,0,0
6.45,11,3,0,0,0
214.96,2,0,0,1,0
59.48,16,1,0,0,0
71.42,8,4,0,0,0
98.51,9,2,1,0,0
260.89,21,1,0,0,0
1.93,5,1,1,1,0
64.79,0,0,0,1,0
116.39,21,3,0,0,0
128.27,11,0,0,0,0
117.94,4,1,0,1,0
14.44,12,4,0,0,0
35.58,14,1,0,0,0
44.43,21,0,0,0,0
163.19,10,2,0,0,0
32.68,7,4,0,0,0
23.66,4,1,1,1,0
315.7,1,4,0,1,1
0.89,11,2,0,0,0
612.88,1,3,0,1,1
112.95,15,0,0,0,0
176.3,20,0,0,0,0
34.9,2,2,0,1,0
1.44,9,3,0,0,0
133.89,18,3,1,0,0
179.66,7,1,0,0,0
134.89,6,2,0,0,0
15.41,0,0,1,1,0
140.01,11,1,0,0,0
146.5,4,4,0,1,0
107.45,15,3,0,0,0
145.29,3,1,0,1,0
187.03,16,1,0,0,0
95.09,23,0,0,1,0
9.28,20,3,0,0,0
66.87,1,0,0,1,0
8.08,11,2,0,0,0
52.35,0,1,0,1,0
52.27,11,1,0,0,0
6.83,11,0,0,0,0
42.9,11,1,1,0,0
11.77,18,2,0,0,0
165.15,16,0,0,0,0
295.05,19,1,0,0,0
7.51,23,3,0,1,0
310.37,23,0,0,1,0
73.94,10,4,0,0,0
35.61,12,1,0,0,0
8.0,7,2,0,0,0
69.44,9,3,0,0,0
158.24,7,2,0,0,0
122.79,19,1,0,0,0
5.15,7,1,0,0,0
7.57,8,3,0,0,0
51.56,6,2,0,0,0
35.0,13,0,0,0,0
26.45,1,2,0,1,0
32.99,10,1,0,0,0
162.7,7,0,0,0,0
264.83,12,3,0,0,0
51.94,20,2,0,0,0
236.56,14,1,0,0,0
38.79,2,1,0,1,0
64.71,22,3,1,0,0
25.62,13,0,0,0,0
102.3,14,3,0,0,0
386.23,1,2,0,1,0
92.51,18,1,0,0,0
44.29,11,1,0,0,0
104.36,19,2,0,0,0
13.12,3,0,1,1,0
219.52,2,3,0,1,0
69.93,4,3,0,1,0
59.67,2,1,0,1,0
88.16,14,1,0,0,0
98.03,18,1,0,0,0
7.45,1,0,0,1,0
114.76,11,3,0,0,0
27.7,4,4,0,1,0
125.16,21,3,1,0,0
172.9,16,0,0,0,0
162.94,13,2,0,0,0
80.41,21,1,0,0,0
73.43,9,1,0,0,0
15.42,2,3,0,1,0
149.32,3,0,0,1,0
31.66,5,1,1,1,1
68.66,23,2,0,1,0
33.45,21,2,0,0,0
14.37,15,2,0,0,0
99.31,6,2,0,0,0
5.59,14,2,0,0,0
138.09,20,6,0,0,0
38.21,19,1,0,0,0
0.01,10,2,1,0,0
71.57,21,2,0,0,0
4.8,20,1,0,0,0
32.32,0,1,0,1,0
122.75,4,2,0,1,0
6.47,12,1,0,0,0
182.85,20,4,0,0,0
0.38,13,1,0,0,0
28.35,8,1,1,0,0
135.06,16,4,0,0,0
38.02,14,2,0,0,0
10.75,20,2,0,0,0
44.67,6,2,0,0,0
31.52,21,1,0,0,0
184.97,21,1,0,0,0
37.59,11,1,0,0,0
155.56,22,1,0,0,0
222.44,5,1,1,1,0
56.88,20,0,0,0,0
240.73,15,7,0,0,0
47.37,4,2,0,1,0
332.64,8,1,0,0,0
9.35,13,2,0,0,0
116.16,7,0,0,0,0
68.09,13,1,0,0,0
49.04,11,2,0,0,0
100.16,9,1,0,0,0
121.69,19,2,0,0,0
0.44,19,0,0,0,0
18.27,20,2,0,0,0
124.84,12,2,0,0,0
109.78,18,2,1,0,0
338.28,14,4,0,0,0
143.14,7,1,0,0,0
301.13,22,2,0,0,0
121.25,20,4,0,0,0
35.39,9,5,0,0,0
11.13,2,2,0,1,0
152.25,20,1,1,0,0
103.32,2,2,0,1,0
4.94,4,1,0,1,0
44.64,15,0,0,0,0
314.19,16,2,0,0,0
69.39,5,3,0,1,0
56.69,19,3,1,0,0
61.19,19,0,0,0,0
23.43,15,4,0,0,0
46.0,23,2,0,1,0
46.17,1,4,0,1,0
5.38,19,2,0,0,0
145.92,14,1,0,0,0
53.87,17,2,1,0,0
172.7,0,1,0,1,0
189.94,18,3,1,0,0
23.82,11,3,0,0,0
107.11,7,2,1,0,0
63.92,5,1,0,1,0
212.16,11,4,0,0,0
24.3,6,3,0,0,0
113.26,17,0,1,0,0
93.59,21,0,0,0,0
35.0,13,6,0,0,0
14.69,7,2,0,0,0
105.45,23,4,0,1,0
134.17,19,2,0,0,0
37.93,21,3,0,0,0
103.52,13,1,0,0,0
50.27,4,4,0,1,0
124.9,8,2,0,0,0
22.22,7,3,0,0,0
220.92,1,1,0,1,0
33.88,15,0,0,0,0
45.85,12,1,0,0,0
5.98,6,1,0,0,0
11.82,15,1,1,0,0
72.54,6,2,0,0,0
31.14,13,1,0,0,0
180.47,13,2,0,0,0
1.48,11,3,0,0,0
47.66,0,1,0,1,0
41.15,0,2,0,1,0
1.95,11,3,0,0,0
13.28,19,0,0,0,0
53.38,20,2,0,0,0
67.9,14,4,0,0,0
51.8,3,1,0,1,0
75.7,6,4,0,0,0
90.42,15,3,0,0,0
1.0,2,1,0,1,0
62.38,6,2,0,0,0
331.04,23,3,0,1,0
73.2,21,1,0,0,0
113.18,5,2,0,1,0
37.38,15,0,0,0,0
148.72,23,3,0,1,0
148.25,7,1,0,0,0
73.67,22,6,1,0,1
373.03,21,5,0,0,1
13.42,5,1,0,1,0
1.71,9,0,0,0,0
147.04,15,5,0,0,0
164.59,10,2,0,0,0
12.81,12,0,0,0,0
30.87,5,3,0,1,0
1.77,23,0,0,1,0
34.72,0,4,0,1,0
148.34,20,1,0,0,0
72.97,18,1,0,0,0
42.79,11,0,1,0,0
46.48,23,1,0,1,0
0.14,5,2,0,1,0
35.64,17,2,0,0,0
103.98,12,2,0,0,0
365.72,6,2,0,0,0
187.77,22,1,0,0,0
2.39,12,1,1,0,0
228.83,20,3,0,0,0
152.88,7,2,0,0,0
151.58,20,2,0,0,0
61.25,16,2,0,0,0
50.75,8,2,0,0,0
36.08,19,2,0,0,0
6.8,12,3,0,0,0
25.91,1,0,1,1,0
28.32,3,4,0,1,0
66.18,1,0,0,1,0
137.61,3,1,1,1,0
64.21,17,0,0,0,0
5.96,4,2,0,1,0
316.51,18,1,0,0,0
285.99,9,2,0,0,0
153.8,17,2,0,0,0
474.76,20,2,0,0,0
78.63,9,1,0,0,0
329.06,4,2,0,1,0
7.86,16,2,0,0,0
45.52,21,3,0,0,0
25.54,12,0,0,0,0
21.79,22,1,0,0,0
15.18,16,1,0,0,0
97.4,8,2,0,0,0
152.02,23,2,0,1,0
86.35,11,2,0,0,0
15.9,13,0,0,0,0
166.67,13,2,0,0,0
101.05,7,0,0,0,0
49.13,22,1,0,0,0
112.13,4,0,0,1,0
30.1,18,2,0,0,0
42.34,13,0,0,0,0
249.48,8,0,0,0,0
34.32,6,1,0,0,0
63.49,7,2,0,0,0
220.86,13,1,0,0,0
123.0,21,3,0,0,0
6.42,13,1,0,0,0
15.94,10,3,0,0,0
0.79,13,6,0,0,0
99.67,20,0,0,0,0
59.36,7,2,0,0,0
14.42,2,1,0,1,0
316.85,22,1,0,0,0
75.43,17,1,0,0,0
27.69,2,3,0,1,0
69.44,12,1,0,0,0
113.82,11,0,0,0,0
7.93,14,0,0,0,0
32.12,17,0,1,0,0
164.49,4,6,0,1,0
61.56,6,0,0,0,0
79.09,10,4,0,0,0
56.71,10,4,0,0,0
4.49,14,0,0,0,0
18.12,9,1,0,0,0
58.98,14,1,0,0,0
23.47,12,1,0,0,0
5.13,13,3,0,0,0
185.57,16,1,0,0,0
397.35,12,3,0,0,0
157.57,9,2,0,0,0
192.27,0,2,0,1,0
27.7,0,2,1,1,0
323.47,14,3,1,0,0
21.93,15,4,0,0,0
302.47,11,3,0,0,0
526.28,23,0,0,1,1
124.38,5,3,0,1,0
397.09,5,3,0,1,0
84.29,11,2,0,0,0
30.05,14,1,0,0,0
57.45,3,1,1,1,1
90.03,23,3,0,1,0
7.59,3,2,0,1,0
97.38,1,2,0,1,0
397.27,23,3,0,1,0
21.09,11,3,0,0,0
157.31,6,2,0,0,0
238.49,19,0,0,0,0
287.71,8,1,0,0,0
322.23,8,1,0,0,0
73.7,7,0,0,0,0
378.57,13,2,0,0,0
141.6,0,2,0,1,0
17.63,22,1,0,0,0
64.8,20,1,0,0,0
126.7,22,5,0,0,0
28.41,11,0,0,0,0
102.34,1,3,0,1,0
109.84,12,0,0,0,0
17.76,3,0,0,1,0
83.26,19,1,0,0,0
147.68,17,2,1,0,0
69.09,18,0,0,0,0
1.22,15,1,0,0,0
0.91,13,0,0,0,0
44.17,7,1,0,0,0
260.63,11,1,0,0,0
25.96,8,3,0,0,0
100.61,5,4,0,1,0
25.11,17,4,0,0,0
38.81,1,0,0,1,0
188.42,22,4,0,0,0
130.51,7,2,0,0,0
10.03,23,2,0,1,0
55.98,13,0,1,0,0
2.96,5,0,1,1,0
65.56,9,1,0,0,0
108.6,7,0,1,0,0
12.61,16,2,0,0,0
34.09,11,1,0,0,0
50.72,16,1,1,0,0
251.99,12,3,0,0,0
499.9,18,1,0,0,0
4.6,11,2,0,0,0
143.13,15,1,0,0,0
46.48,4,4,0,1,0
49.83,15,3,0,0,0
140.35,5,0,0,1,0
250.62,10,1,0,0,0
301.45,16,2,1,0,1
86.07,22,3,0,0,0
44.18,13,0,0,0,0
154.9,5,2,0,1,0
28.9,22,2,0,0,0
83.03,10,2,0,0,0
44.41,11,4,0,0,0
106.89,12,1,0,0,0
27.5,3,3,0,1,0
21.27,6,1,0,0,0
250.4,1,4,0,1,0
10.74,5,3,0,1,0
70.51,5,3,0,1,0
24.96,17,1,0,0,0
3.97,19,3,0,0,0
3.67,7,2,0,0,0
19.26,7,2,0,0,0
201.57,7,1,0,0,0
33.2,7,1,0,0,0
300.5,0,1,0,1,0
87.14,1,1,0,1,0
57.38,11,0,1,0,0
86.77,14,0,0,0,0
72.71,3,1,0,1,0
142.2,2,0,0,1,0
33.2,13,0,1,0,0
43.55,21,4,0,0,0
224.52,22,5,0,0,0
292.73,7,4,0,0,0
223.08,12,2,0,0,0
54.38,22,2,0,0,0
151.58,18,2,0,0,0
64.69,21,4,0,0,0
68.82,4,3,0,1,0
22.9,12,2,0,0,0
89.44,19,3,0,0,0
20.6,0,2,0,1,0
40.28,15,2,0,0,0
193.12,22,3,0,0,0
23.2,23,1,0,1,0
7.38,1,1,0,1,0
7.15,6,2,0,0,0
282.66,5,0,0,1,0
70.71,4,1,0,1,0
52.66,3,2,1,1,0
166.54,1,0,0,1,0
180.68,9,0,0,0,0
40.38,21,1,0,0,0
118.29,4,2,0,1,0
147.46,17,0,0,0,0
106.32,9,3,0,0,0
16.44,22,1,0,0,0
208.65,21,1,0,0,0
77.46,14,2,0,0,0
33.19,8,1,0,0,0
55.38,10,1,0,0,0
3.83,20,0,0,0,0
13.68,16,2,0,0,0
145.05,20,1,0,0,0
0.0,8,2,0,0,0
53.88,22,4,0,0,0
73.92,15,1,0,0,0
5.62,5,1,0,1,0
361.48,21,4,0,0,0
25.63,10,0,0,0,0
36.27,22,3,0,0,0
36.23,16,2,0,0,0
26.19,3,1,0,1,0
0.15,14,2,0,0,0
130.69,0,2,0,1,0
340.66,21,1,0,0,0
25.4,19,1,0,0,0
108.78,0,2,0,1,0
135.44,8,1,0,0,0
188.67,11,2,0,0,0
54.93,3,1,0,1,0
36.09,21,3,0,0,0
39.35,12,2,0,0,0
124.7,6,1,0,0,0
169.71,7,4,0,0,0
20.04,12,0,1,0,0
46.35,10,1,0,0,0
232.22,8,3,0,0,0
164.35,23,2,0,1,0
419.03,15,3,0,0,0
140.34,9,2,1,0,0
49.95,10,0,0,0,0
89.32,11,1,0,0,0
108.18,13,2,0,0,0
8.17,18,1,0,0,0
78.64,11,4,0,0,0
123.55,17,1,0,0,0
18.31,20,0,1,0,0
151.7,16,2,1,0,0
87.65,2,2,0,1,0
304.12,0,1,0,1,0
4.33,18,4,0,0,0
30.83,3,0,0,1,0
92.02,22,2,0,0,0
35.18,15,2,0,0,0
125.32,11,1,0,0,0
142.3,20,1,0,0,0
10.82,20,3,0,0,0
72.12,12,0,0,0,0
71.11,16,1,1,0,0
46.09,7,2,0,0,0
270.19,12,4,0,0,0
175.74,19,1,0,0,0
119.47,4,2,0,1,0
125.29,17,1,0,0,0
61.94,14,1,0,0,0
253.82,11,2,0,0,0
118.61,16,1,0,0,0
130.56,14,1,0,0,0
197.83,1,4,0,1,0
32.03,5,2,0,1,0
164.54,16,1,0,0,0
21.72,15,3,0,0,0
42.36,16,0,1,0,0
40.89,19,2,0,0,0
384.09,8,2,0,0,0
194.17,4,0,0,1,0
120.79,22,2,0,0,0
129.85,0,1,0,1,0
82.57,5,2,0,1,0
293.92,23,3,0,1,1
68.57,13,2,0,0,0
47.89,16,1,0,0,0
17.8,18,0,0,0,0
154.27,0,2,0,1,0
132.59,0,1,0,1,0
48.51,12,2,0,0,0
2.55,13,2,0,0,0
182.63,5,3,0,1,0
1.15,5,1,0,1,0
121.64,0,2,0,1,0
351.52,13,4,0,0,0
57.57,2,3,0,1,0
26.78,22,1,1,0,0
122.03,9,0,0,0,0
169.9,18,0,0,0,0
79.06,18,2,0,0,0
341.23,18,3,0,0,0
5.31,22,0,0,0,0
70.28,3,3,0,1,0
126.75,19,2,0,0,0
198.52,18,1,0,0,0
19.75,9,1,0,0,0
160.95,1,2,0,1,0
80.45,3,0,0,1,0
50.51,23,5,1,1,1
14.12,5,1,0,1,0
200.47,6,0,0,0,0
17.11,15,1,0,0,0
37.08,6,1,0,0,0
34.26,17,1,0,0,0
205.12,19,2,0,0,0
111.69,21,2,0,0,0
159.3,18,2,0,0,0
28.83,8,2,0,0,0
98.05,19,2,0,0,0
84.8,9,7,0,0,0
178.87,12,2,1,0,0
236.54,17,1,0,0,0
1.22,15,1,0,0,0
112.09,21,3,1,0,0
5.32,16,0,0,0,0
79.6,21,3,0,0,0
33.92,12,2,0,0,0
36.64,11,1,1,0,0
43.53,9,2,0,0,0
97.1,0,3,0,1,0
40.65,7,1,1,0,0
131.94,20,1,0,0,0
51.84,21,3,0,0,0
7.08,17,1,0,0,0
153.14,1,1,0,1,0
33.65,15,2,0,0,0
56.7,11,3,0,0,0
115.66,8,6,0,0,0
40.42,2,0,0,1,0
5.82,21,2,0,0,0
46.83,20,1,0,0,0
289.04,3,3,0,1,1
102.65,1,1,1,1,0
111.32,7,3,0,0,0
100.04,9,4,0,0,0
22.19,15,1,0,0,0
54.19,22,8,0,0,0
139.01,10,1,0,0,0
10.69,17,1,0,0,0
32.55,21,0,0,0,0
32.34,13,2,0,0,0
56.57,7,3,0,0,0
393.06,22,4,1,0,0
6.99,14,2,0,0,0
73.13,16,2,0,0,0
19.77,20,2,0,0,0
352.94,17,4,0,0,0
12.03,5,2,0,1,0
51.68,22,2,0,0,0
133.9,13,2,0,0,0
121.93,22,2,0,0,0
54.94,2,1,0,1,0
42.54,6,3,0,0,0
50.69,14,1,0,0,0
30.69,20,3,0,0,0
22.98,23,5,0,1,0
65.98,15,2,0,0,0
31.27,15,3,0,0,0
33.89,7,1,0,0,0
106.93,6,2,0,0,0
345.9,5,1,0,1,0
92.54,1,1,0,1,0
8.01,21,0,1,0,0
7.86,12,1,0,0,0
302.46,11,3,0,0,0
35.28,14,1,0,0,0
9.66,8,1,0,0,0
91.39,1,3,0,1,0
97.72,16,4,0,0,0
104.56,4,0,0,1,0
31.12,10,1,0,0,0
1.52,21,1,0,0,0
335.28,18,1,0,0,0
28.89,23,0,1,1,1
112.71,6,0,0,0,0
122.63,1,2,0,1,0
94.16,15,3,1,0,0
37.53,11,3,0,0,0
31.62,22,5,0,0,0
91.05,14,2,0,0,0
201.06,0,2,1,1,0
293.25,12,1,0,0,0
11.19,22,0,0,0,0
16.82,5,1,0,1,0
289.56,12,3,0,0,0
133.38,17,4,0,0,0
214.55,2,0,1,1,0
22.64,0,0,0,1,0
88.57,14,4,1,0,0
120.78,12,1,0,0,0
113.98,4,2,0,1,0
52.45,12,1,0,0,0
1.55,21,5,0,0,0
87.45,4,4,1,1,0
29.18,18,2,1,0,0
59.83,20,3,0,0,0
316.02,23,2,0,1,0
50.92,17,2,0,0,0
183.13,20,1,0,0,0
20.89,21,1,0,0,0
111.61,9,1,0,0,0
377.26,23,4,0,1,1
10.75,7,2,0,0,0
0.84,14,1,0,0,0
56.84,20,2,0,0,0
9.72,19,1,0,0,0
137.99,22,1,0,0,0
245.98,21,0,0,0,0
56.92,3,0,0,1,0
29.94,1,2,0,1,0
56.99,23,1,0,1,0
128.54,5,2,0,1,0
0.91,2,2,0,1,0
89.03,6,3,0,0,0
95.01,9,3,0,0,0
101.53,22,0,0,0,0
27.71,5,2,0,1,0
125.19,15,0,0,0,0
9.58,1,1,0,1,0
22.22,23,2,0,1,0
209.94,16,1,0,0,0
134.22,12,2,0,0,0
1.38,0,0,0,1,0
28.55,5,1,0,1,0
24.13,4,3,0,1,0
31.58,12,2,0,0,0
28.44,22,3,0,0,0
6.46,17,2,0,0,0
61.42,11,1,0,0,0
131.95,6,2,0,0,0
93.33,14,1,0,0,0
111.74,2,2,0,1,0
8.46,15,1,0,0,0
302.6,0,3,1,1,1
182.32,15,2,1,0,0
163.52,23,3,0,1,0
173.15,11,3,0,0,0
269.88,18,3,0,0,0
78.58,7,2,0,0,0
22.35,22,2,0,0,0
95.92,11,2,0,0,0
135.82,14,1,0,0,0
133.91,1,2,0,1,0
73.7,16,1,0,0,0
7.09,6,2,0,0,0
46.38,12,1,0,0,0
253.54,0,3,0,1,0
87.81,5,1,0,1,0
77.29,12,3,0,0,0
31.31,10,4,1,0,0
45.96,9,2,0,0,0
225.71,15,3,0,0,0
109.8,23,3,0,1,0
154.83,22,3,0,0,0
60.58,19,0,1,0,0
99.49,16,1,0,0,0
28.55,16,0,0,0,0
122.23,3,0,0,1,0
55.79,4,5,0,1,0
58.44,22,2,0,0,0
104.79,13,5,0,0,0
275.33,19,0,0,0,0
6.61,9,1,0,0,0
174.15,13,3,0,0,0
34.59,0,0,0,1,0
58.68,10,2,0,0,0
2.22,22,3,0,0,0
35.82,17,3,1,0,0
69.84,15,3,0,0,0
5.78,17,3,0,0,0
67.55,7,0,0,0,0
261.88,9,1,0,0,0
11.14,9,1,0,0,0
144.58,4,0,1,1,0
52.71,9,2,0,0,0
106.47,17,3,0,0,0
30.14,20,1,0,0,0
17.37,23,2,0,1,0
17.49,5,0,0,1,0
7.31,2,3,0,1,0
20.54,7,2,0,0,0
109.13,8,1,0,0,0
213.45,4,3,0,1,0
168.27,1,0,0,1,0
115.56,1,2,0,1,0
11.7,6,1,0,0,0
34.13,16,1,0,0,0
37.08,9,1,0,0,0
28.76,11,3,0,0,0
72.36,1,0,0,1,0
76.69,9,2,0,0,0
44.14,19,1,0,0,0
43.66,0,2,0,1,0
176.35,3,1,0,1,0
155.73,12,1,0,0,0
36.79,11,2,0,0,0
245.1,10,1,0,0,0
305.37,9,4,0,0,0
39.56,14,2,0,0,0
43.76,4,3,0,1,0
70.45,16,0,0,0,0
283.23,4,1,0,1,0
209.01,1,0,0,1,0
10.82,8,5,1,0,0
49.88,5,2,0,1,0
80.6,17,2,1,0,0
69.94,13,1,0,0,0
21.55,18,2,1,0,0
195.77,13,2,0,0,0
112.99,7,1,0,0,0
181.96,16,3,0,0,0
195.73,2,1,0,1,0
137.97,9,3,1,0,0
57.84,16,1,0,0,0
94.3,10,2,0,0,0
17.48,7,0,0,0,0
111.98,0,2,0,1,0
19.75,12,4,0,0,0
118.4,20,0,0,0,0
26.08,3,1,0,1,0
12.51,6,2,0,0,0
18.07,13,0,1,0,0
0.2,4,0,0,1,0
126.85,23,1,0,1,0
131.83,10,4,0,0,0
72.35,16,2,0,0,0
17.6,4,2,0,1,0
8.73,19,1,0,0,0
1.93,2,1,0,1,0
18.12,4,4,0,1,0
221.51,14,3,0,0,0
27.65,18,4,1,0,0
43.74,15,1,0,0,0
11.13,7,2,0,0,0
25.15,12,0,0,0,0
73.24,15,2,0,0,0
93.59,2,1,1,1,0
28.15,0,2,0,1,0
5.95,8,0,1,0,0
49.6,8,2,1,0,0
26.68,21,2,0,0,0
24.79,16,1,0,0,0
321.55,23,1,0,1,0
95.79,1,3,0,1,0
81.39,8,0,0,0,0
53.75,23,2,1,1,1
56.03,18,1,0,0,0
77.85,12,2,0,0,0
119.21,4,1,0,1,0
121.12,8,2,0,0,0
18.84,12,1,0,0,0
69.34,0,0,0,1,0
53.1,14,5,0,0,0
204.43,3,1,0,1,0
99.81,3,2,0,1,0
76.04,19,2,0,0,0
12.26,9,1,0,0,0
93.05,5,1,0,1,0
12.47,23,1,1,1,0
41.13,11,2,0,0,0
15.41,19,1,0,0,0
117.79,15,4,0,0,0
23.1,2,1,0,1,0
49.73,13,2,0,0,0
226.02,0,1,0,1,0
22.86,9,0,0,0,0
70.89,14,2,0,0,0
54.35,6,1,0,0,0
1.83,3,2,0,1,0
157.39,13,2,0,0,0
7.15,23,2,1,1,1
64.29,15,1,1,0,0
82.25,13,2,0,0,0
99.0,2,3,0,1,0
116.68,16,0,0,0,0
29.21,20,2,0,0,0
1.0,13,2,0,0,0
128.53,17,1,0,0,0
76.71,2,1,0,1,0
180.86,21,1,0,0,0
172.25,18,2,0,0,0
185.36,2,2,0,1,0
66.38,11,0,0,0,0
40.59,21,0,0,0,0
156.81,4,2,0,1,0
60.02,9,4,0,0,0
20.27,8,0,0,0,0
193.08,0,2,1,1,1
214.18,12,3,0,0,0
62.79,2,2,0,1,0
7.87,18,5,0,0,0
49.07,10,0,0,0,0
162.73,15,4,1,0,0
232.05,5,2,1,1,1
22.75,23,3,0,1,0
6.93,2,4,0,1,0
209.84,18,2,1,0,0
49.33,5,2,0,1,0
78.04,7,1,1,0,0
344.41,21,0,0,0,0
6.89,12,3,0,0,0
104.5,11,2,0,0,0
7.7,9,2,0,0,0
47.08,2,2,0,1,0
162.87,3,2,0,1,0
56.82,0,0,0,1,0
587.19,12,0,0,0,0
81.88,23,1,0,1,0
38.74,3,1,0,1,0
24.86,21,5,0,0,0
43.16,10,0,0,0,0
46.61,18,3,0,0,0
7.12,10,2,0,0,0
46.14,11,2,0,0,0
62.41,10,0,0,0,0
128.28,5,2,0,1,0
106.92,11,2,0,0,0
123.36,8,0,0,0,0
0.84,9,2,0,0,0
24.55,2,1,0,1,0
108.38,2,1,0,1,0
66.16,19,5,0,0,0
0.53,22,2,0,0,0
163.22,15,0,0,0,0
148.2,2,6,0,1,1
79.5,9,3,0,0,0
6.88,23,2,1,1,1
145.46,10,0,0,0,0
87.64,7,2,0,0,0
152.31,5,0,1,1,1
139.33,19,1,0,0,0
162.46,10,1,0,0,0
72.98,20,5,0,0,0
15.12,11,1,0,0,0
111.22,15,0,0,0,0
96.88,17,1,0,0,0
135.58,12,3,0,0,0
18.62,21,3,1,0,0
21.69,2,0,0,1,0
221.1,14,1,0,0,0
138.62,21,0,0,0,0
238.85,20,0,1,0,0
142.18,13,2,1,0,0
90.92,17,1,0,0,0
106.17,13,3,0,0,0
219.94,4,0,0,1,0
86.47,20,1,0,0,0
100.07,13,3,0,0,0
17.02,7,2,1,0,0
64.23,22,0,0,0,0
126.02,14,1,0,0,0
31.6,14,3,0,0,0
22.6,18,2,0,0,0
37.66,19,2,0,0,0
27.64,5,4,0,1,0
24.2,18,0,0,0,0
55.31,7,2,0,0,0
238.42,5,2,0,1,0
70.74,19,3,0,0,0
20.82,22,3,0,0,0
8.01,14,4,0,0,0
119.12,2,2,0,1,0
48.26,9,0,0,0,0
172.5,14,2,0,0,0
107.74,23,0,0,1,0
159.08,15,1,0,0,0
31.74,16,4,0,0,0
117.88,18,2,0,0,0
30.66,10,0,0,0,0
279.8,15,2,0,0,0
101.16,4,3,0,1,0
39.23,4,2,0,1,0
31.4,13,1,0,0,0
21.19,17,3,0,0,0
118.63,7,2,1,0,0
24.68,4,3,0,1,0
90.46,6,1,0,0,0
30.74,15,0,0,0,0
108.46,22,2,0,0,0
168.71,13,1,0,0,0
150.52,4,0,0,1,0
143.07,23,0,0,1,0
20.79,8,3,0,0,0
9.25,3,2,0,1,0
120.05,3,4,0,1,0
45.94,15,2,0,0,0
56.62,23,2,0,1,0
3.16,16,0,0,0,0
30.05,14,2,0,0,0
3.43,3,2,0,1,0
211.35,5,0,1,1,0
27.89,15,3,0,0,0
81.49,3,1,0,1,0
3.98,5,1,0,1,0
109.92,4,1,0,1,0
39.01,15,2,0,0,0
228.2,15,1,0,0,0
219.03,9,3,0,0,0
39.35,8,2,0,0,0
231.22,3,0,1,1,0
556.17,13,1,0,0,0
174.53,3,2,0,1,0
186.35,11,2,0,0,0
28.64,23,0,0,1,0
85.97,9,0,0,0,0
6.96,3,3,0,1,0
9.97,17,1,0,0,0
680.58,12,2,0,0,0
39.55,12,2,0,0,0
137.91,13,0,0,0,0
164.33,17,1,0,0,0
195.21,0,2,0,1,0
604.41,20,0,0,0,0
27.64,15,1,0,0,0
4.12,14,3,0,0,0
52.97,21,5,0,0,0
13.94,4,6,0,1,0
2.27,5,4,0,1,0
44.7,5,0,0,1,0
153.13,2,1,0,1,0
83.51,15,1,0,0,0
37.51,11,0,0,0,0
106.23,3,2,0,1,0
26.4,0,0,0,1,0
1.45,3,3,0,1,0
144.54,0,1,0,1,0
97.75,20,2,0,0,0
143.68,7,1,0,0,0
3.97,23,3,0,1,0
181.47,4,2,0,1,0
96.63,1,2,0,1,0
82.87,11,1,1,0,0
97.98,21,1,0,0,0
199.83,16,0,0,0,0
88.42,6,4,0,0,0
86.98,10,1,0,0,0
467.55,3,6,0,1,1
141.36,4,1,0,1,0
58.39,5,1,0,1,0
122.89,10,2,0,0,0
49.3,0,1,0,1,0
25.99,9,2,0,0,0
90.85,19,1,0,0,0
263.36,23,4,0,1,0
264.7,20,0,0,0,0
41.84,10,2,0,0,0
75.01,23,3,0,1,0
23.78,16,1,0,0,0
543.32,7,2,0,0,0
396.95,12,2,0,0,0
104.84,19,0,0,0,0
163.18,17,4,0,0,0
125.56,21,1,0,0,0
89.93,15,1,0,0,0
5.48,1,1,0,1,0
60.65,4,2,0,1,0
112.33,17,2,0,0,0
113.18,2,1,0,1,0
46.7,21,0,0,0,0
284.2,16,1,1,0,0
18.32,15,0,0,0,0
69.39,5,0,0,1,0
117.4,18,1,0,0,0
119.45,6,1,0,0,0
104.59,17,5,0,0,0
32.2,13,1,1,0,0
16.98,5,2,1,1,0
101.04,7,4,0,0,0
91.45,14,1,0,0,0
19.77,14,3,1,0,0
122.13,14,2,0,0,0
60.73,15,1,0,0,0
110.19,0,1,0,1,0
181.63,10,2,0,0,0
18.6,4,1,0,1,0
1.93,4,2,0,1,0
151.01,20,0,0,0,0
94.08,5,2,0,1,0
120.28,1,2,0,1,0
182.11,5,1,0,1,0
162.36,13,1,0,0,0
324.21,10,2,0,0,0
76.77,3,2,0,1,0
67.04,23,3,0,1,0
51.4,8,0,1,0,0
16.69,23,0,0,1,0
85.01,2,1,0,1,0
32.44,15,3,0,0,0
254.22,10,2,0,0,0
87.51,3,1,0,1,0
89.85,0,4,0,1,0
43.84,20,1,0,0,0
5.34,21,1,0,0,0
3.23,15,1,0,0,0
55.05,18,3,0,0,0
8.84,15,2,0,0,0
93.36,10,4,0,0,0
212.84,7,4,0,0,0
214.49,22,1,0,0,0
107.6,0,4,0,1,0
23.73,20,0,0,0,0
198.78,8,1,0,0,0
217.24,11,0,0,0,0
21.9,21,1,0,0,0
133.72,7,0,0,0,0
33.76,16,1,0,0,0
162.27,9,2,0,0,0
589.18,6,0,0,0,0
3.05,18,6,0,0,0
227.66,5,4,1,1,0
97.45,20,4,0,0,0
362.62,23,2,0,1,0
62.55,23,2,0,1,0
187.99,18,1,0,0,0
6.44,17,2,0,0,0
40.84,14,1,0,0,0
6.94,1,3,0,1,0
370.27,13,2,0,0,0
169.81,20,2,0,0,0
191.42,9,4,0,0,0
278.01,15,3,0,0,0
8.89,6,1,0,0,0
48.71,7,1,0,0,0
7.37,9,4,0,0,0
23.67,14,5,0,0,0
26.05,7,2,0,0,0
63.32,12,1,0,0,0
31.27,11,1,1,0,0
10.64,7,2,0,0,0
18.33,14,0,0,0,0
15.93,11,2,0,0,0
361.48,10,3,0,0,0
142.42,18,1,0,0,0
343.46,13,0,0,0,0
57.94,17,1,1,0,0
32.62,12,0,0,0,0
160.09,3,2,0,1,0
39.49,16,1,0,0,0
35.58,18,1,0,0,0
26.46,8,2,0,0,0
13.89,22,4,0,0,0
29.63,6,3,1,0,0
43.9,0,4,0,1,0
112.08,6,5,0,0,0
6.46,6,2,0,0,0
23.64,19,5,0,0,0
165.56,6,1,0,0,0
15.89,7,1,0,0,0
41.95,15,2,0,0,0
200.0,2,1,0,1,0
16.83,12,0,0,0,0
8.64,9,2,0,0,0
66.27,17,2,0,0,0
36.01,6,3,0,0,0
82.88,20,4,0,0,0
162.86,20,5,0,0,0
14.75,4,1,0,1,0
86.92,22,2,0,0,0
70.42,23,3,0,1,0
15.56,21,3,0,0,0
97.82,6,3,0,0,0
31.97,21,3,0,0,0
66.91,16,2,0,0,0
8.59,3,0,0,1,0
61.54,23,2,0,1,0
36.6,22,0,1,0,0
172.81,15,2,0,0,0
5.87,18,1,0,0,0
54.23,9,2,0,0,0
61.33,2,0,0,1,0
129.1,2,2,0,1,0
85.4,16,3,0,0,0
110.03,9,4,0,0,0
150.08,16,1,0,0,0
198.2,21,1,0,0,0
37.67,16,1,0,0,0
77.22,20,2,1,0,0
183.33,3,0,0,1,0
455.17,20,2,0,0,0
220.29,22,3,0,0,0
46.44,5,2,1,1,1
21.71,11,2,0,0,0
67.22,21,2,0,0,0
135.34,19,4,0,0,0
67.84,16,3,0,0,0
66.01,16,3,0,0,0
182.16,9,0,0,0,0
44.85,6,1,0,0,0
196.46,15,2,1,0,0
52.22,12,1,0,0,0
39.78,2,1,0,1,0
60.51,1,1,0,1,0
143.74,15,1,0,0,0
13.47,5,3,0,1,0
21.87,5,2,0,1,0
302.51,12,1,0,0,0
19.3,6,0,0,0,0
83.87,4,1,0,1,0
86.59,23,1,0,1,0
67.26,6,2,0,0,0
103.49,1,2,0,1,0
26.11,16,1,0,0,0
80.44,12,1,0,0,0
46.55,20,2,0,0,0
108.37,20,2,0,0,0
15.22,15,3,0,0,0
84.6,19,3,0,0,0
20.49,1,3,0,1,0
32.66,4,1,0,1,0
24.68,17,2,0,0,0
20.19,6,2,0,0,0
174.7,10,0,0,0,0
33.65,10,3,0,0,0
261.9,21,0,0,0,0
350.41,16,2,0,0,0
84.69,15,3,1,0,0
15.43,12,1,0,0,0
46.93,21,2,0,0,0
159.82,4,2,0,1,0
45.79,19,1,0,0,0
9.1,15,3,0,0,0
81.37,21,2,0,0,0
186.51,21,2,0,0,0
158.93,15,1,0,0,0
19.25,15,3,0,0,0
111.71,13,2,0,0,0
24.91,5,1,0,1,0
24.62,1,2,0,1,0
207.2,13,3,0,0,0
28.72,15,2,0,0,0
30.55,22,1,0,0,0
0.07,19,3,0,0,0
204.54,12,2,0,0,0
157.31,14,3,0,0,0
98.71,11,0,0,0,0
138.74,8,3,0,0,0
16.49,17,2,1,0,0
61.31,20,3,0,0,0
43.27,13,0,0,0,0
9.85,19,3,0,0,0
66.58,3,1,0,1,0
253.5,7,2,0,0,0
4.09,7,2,0,0,0
34.46,21,2,0,0,0
23.26,21,0,0,0,0
27.2,15,3,0,0,0
239.07,23,1,0,1,0
63.12,9,3,0,0,0
62.79,20,1,0,0,0
142.95,16,2,0,0,0
16.78,0,4,0,1,0
66.8,17,2,0,0,0
56.21,9,0,0,0,0
90.86,20,1,0,0,0
772.35,3,1,1,1,1
146.73,0,2,0,1,0
50.73,3,1,0,1,0
175.77,3,2,1,1,0
18.72,3,3,0,1,0
3.09,16,5,0,0,0
22.87,8,2,0,0,0
41.61,18,2,0,0,0
71.45,12,1,0,0,0
95.48,3,0,0,1,0
241.47,4,2,0,1,0
71.31,12,1,0,0,0
69.57,22,2,0,0,0
5.15,15,3,0,0,0
3.55,21,2,0,0,0
80.11,4,1,0,1,0
57.66,7,3,0,0,0
182.75,15,2,0,0,0
17.52,0,1,1,1,1
2.53,22,5,0,0,0
59.61,5,3,1,1,0
27.11,10,2,0,0,0
5.09,15,1,0,0,0
128.95,4,3,0,1,0
11.83,15,1,0,0,0
93.73,6,2,0,0,0
33.0,18,1,0,0,0
19.06,0,2,0,1,0
47.76,8,0,0,0,0
161.67,17,2,0,0,0
49.77,12,0,0,0,0
138.94,14,3,0,0,0
13.41,2,2,1,1,1
148.18,23,0,0,1,0
27.04,9,3,0,0,0
113.13,8,1,0,0,0
83.42,12,3,0,0,0
264.71,15,0,0,0,0
48.99,2,1,0,1,0
6.85,21,0,0,0,0
1.93,22,1,0,0,0
175.36,14,2,0,0,0
74.39,16,4,0,0,0
149.27,13,1,0,0,0
26.71,6,2,0,0,0
42.32,19,4,0,0,0
3.06,15,2,0,0,0
325.69,20,2,0,0,0
110.22,7,2,0,0,0
270.61,3,4,0,1,0
30.86,19,3,0,0,0
94.54,23,0,0,1,0
113.48,14,3,0,0,0
38.21,4,4,0,1,0
188.46,12,3,0,0,0
294.05,5,1,0,1,1
216.16,4,1,0,1,0
134.35,16,3,1,0,0
32.5,6,3,0,0,0
33.08,5,2,0,1,0
330.66,1,3,0,1,1
1.03,10,3,0,0,0
125.9,6,1,0,0,0
122.5,21,2,0,0,0
97.47,20,1,0,0,0
461.61,7,2,0,0,0
37.38,4,0,0,1,0
41.55,17,2,0,0,0
8.22,21,0,0,0,0
58.48,15,1,0,0,0
30.25,13,2,0,0,0
42.07,11,3,0,0,0
179.92,16,2,0,0,0
274.08,4,1,0,1,0
20.55,13,3,0,0,0
46.6,5,1,0,1,0
263.99,14,1,0,0,0
6.38,6,2,0,0,0
9.69,13,3,0,0,0
17.77,17,2,0,0,0
90.44,0,4,0,1,0
16.31,5,2,0,1,0
344.44,2,0,0,1,1
59.19,4,3,0,1,0
69.62,11,4,0,0,0
28.32,10,4,0,0,0
63.67,12,4,0,0,0
108.45,15,0,0,0,0
139.1,17,1,0,0,0
140.19,16,1,0,0,0
86.25,16,1,1,0,0
234.72,10,0,0,0,0
170.05,19,1,1,0,0
141.49,9,1,1,0,0
5.72,15,2,0,0,0
0.69,1,0,0,1,0
23.88,16,3,0,0,0
108.92,21,2,0,0,0
52.97,19,0,0,0,0
51.48,9,1,1,0,0
215.92,12,3,0,0,0
225.92,11,1,1,0,0
239.88,14,1,0,0,0
37.67,6,1,0,0,0
117.46,21,2,0,0,0
31.7,20,0,0,0,0
21.15,12,1,1,0,0
20.41,11,1,0,0,0
41.87,11,4,0,0,0
56.2,1,1,0,1,0
177.76,4,2,0,1,0
12.77,1,4,0,1,0
132.77,22,3,0,0,0
75.81,19,1,0,0,0
33.96,12,2,0,0,0
67.89,2,0,0,1,0
35.66,10,1,0,0,0
90.65,15,1,0,0,0
56.89,0,1,0,1,0
17.96,18,3,0,0,0
12.4,10,2,0,0,0
79.12,8,3,0,0,0
232.7,13,3,0,0,0
42.15,8,3,1,0,0
132.05,6,1,0,0,0
107.49,15,1,0,0,0
268.17,2,1,0,1,0
172.03,18,2,1,0,0
83.61,3,2,0,1,0
107.01,6,2,0,0,0
228.66,22,2,1,0,0
51.0,11,1,1,0,0
39.57,17,3,0,0,0
1.09,4,2,0,1,0
175.19,22,4,0,0,0
161.44,22,1,0,0,0
11.03,21,3,0,0,0
86.0,9,1,0,0,0
62.36,11,1,0,0,0
12.64,7,3,0,0,0
394.08,18,2,0,0,0
24.17,14,3,0,0,0
6.96,0,5,0,1,1
90.35,2,1,0,1,0
134.27,17,4,0,0,0
3.3,17,4,0,0,0
107.5,1,2,0,1,0
75.99,4,2,0,1,0
10.9,0,3,0,1,0
18.94,9,2,1,0,0
83.93,19,1,0,0,0
35.15,9,0,0,0,0
278.57,4,1,0,1,0
170.78,17,2,0,0,0
410.85,20,2,0,0,0
30.07,14,2,1,0,0
349.74,19,2,0,0,0
56.43,7,1,0,0,0
42.7,16,0,0,0,0
5.17,11,2,0,0,0
5.42,20,0,0,0,0
117.77,11,0,0,0,0
61.24,0,3,1,1,0
25.69,3,1,0,1,0
95.18,7,2,0,0,0
29.15,0,2,1,1,0
86.19,14,0,0,0,0
44.51,17,2,0,0,0
173.47,0,2,1,1,1
171.87,10,0,0,0,0
64.88,22,1,0,0,0
43.2,1,0,0,1,0
45.03,0,2,0,1,0
163.84,11,2,0,0,0
39.78,15,0,0,0,0
23.45,21,2,1,0,0
8.85,21,3,0,0,0
62.87,9,0,0,0,0
65.8,17,1,0,0,0
183.83,14,2,0,0,0
25.01,16,2,0,0,0
47.96,9,1,0,0,0
165.24,2,3,1,1,1
173.51,20,1,0,0,0
48.55,15,1,1,0,0
61.46,5,4,0,1,0
36.14,2,2,1,1,0
269.64,8,2,0,0,0
12.63,10,2,0,0,0
271.43,20,0,0,0,0
115.16,12,0,0,0,0
75.84,17,0,0,0,0
3.32,21,1,0,0,0
64.55,23,3,0,1,0
52.38,21,1,1,0,0
17.58,3,2,0,1,0
106.83,21,4,0,0,0
354.57,23,2,0,1,1
82.6,7,0,1,0,0
125.44,12,1,0,0,0
7.09,9,4,0,0,0
54.07,1,4,0,1,0
12.37,7,1,0,0,0
94.88,5,2,0,1,0
278.84,15,2,0,0,0
108.41,17,3,0,0,0
7.99,16,1,0,0,0
43.8,5,1,0,1,0
80.0,12,1,0,0,0
51.62,22,2,0,0,0
179.36,13,2,0,0,0
168.56,20,1,0,0,0
94.63,9,0,0,0,0
46.75,23,0,0,1,0
29.48,10,1,0,0,0
11.19,12,2,0,0,0
43.83,11,2,0,0,0
53.3,8,1,0,0,0
112.65,3,1,0,1,0
107.34,6,6,0,0,0
7.27,23,1,0,1,0
50.3,21,1,0,0,0
20.06,1,5,0,1,1
17.06,6,3,0,0,0
175.62,8,2,0,0,0
4.28,4,1,0,1,0
54.33,14,1,0,0,0
18.42,17,1,0,0,0
211.47,3,2,1,1,0
81.43,18,2,0,0,0
26.32,19,3,0,0,0
69.8,6,1,0,0,0
131.49,7,2,1,0,0
317.29,16,2,0,0,0
24.9,12,1,0,0,0
217.32,23,2,0,1,0
272.27,20,1,0,0,0
248.2,22,1,0,0,0
100.9,10,3,0,0,0
99.38,0,3,0,1,0
51.62,1,4,0,1,0
139.59,16,4,0,0,0
75.78,4,2,0,1,0
113.15,5,0,1,1,0
55.94,23,5,0,1,0
131.49,6,2,0,0,0
174.0,20,3,0,0,0
15.83,14,0,0,0,0
178.93,18,4,0,0,0
77.72,15,3,0,0,0
186.22,12,1,0,0,0
56.44,4,5,0,1,0
47.65,2,2,0,1,0
246.58,2,1,0,1,0
28.92,18,1,0,0,0
185.93,13,0,0,0,0
66.17,15,3,0,0,0
72.17,21,3,0,0,0
36.88,16,2,0,0,0
85.11,3,1,0,1,0
39.34,12,1,0,0,0
4.01,7,1,0,0,0
31.75,18,1,0,0,0
0.64,4,0,1,1,0
383.3,1,1,0,1,1
337.4,14,3,0,0,0
50.28,1,2,0,1,0
130.33,10,3,0,0,0
42.44,12,0,0,0,0
111.2,22,1,0,0,0
163.7,9,1,0,0,0
293.29,2,1,0,1,1
51.12,4,0,0,1,0
152.92,2,1,0,1,0
30.91,5,2,0,1,0
463.9,12,2,0,0,0
2.61,9,2,0,0,0
92.52,18,1,1,0,0
107.74,7,2,0,0,0
116.49,17,6,0,0,0
12.83,2,1,1,1,0
278.92,23,1,0,1,0
19.99,23,1,0,1,0
97.49,16,1,0,0,0
25.19,7,1,0,0,0
36.7,9,3,1,0,0
79.07,1,2,0,1,0
53.99,11,3,0,0,0
17.46,22,2,0,0,0
18.75,5,2,0,1,0
54.15,1,1,0,1,0
141.59,20,3,0,0,0
228.24,22,5,1,0,0
8.79,23,0,0,1,0
49.94,2,3,0,1,0
10.56,16,1,0,0,0
1.67,6,0,0,0,0
108.39,20,2,0,0,0
92.24,4,3,0,1,0
17.8,22,0,0,0,0
26.63,0,2,0,1,0
2.4,7,2,0,0,0
180.15,11,1,0,0,0
367.66,13,2,0,0,0
14.56,15,0,0,0,0
26.33,9,2,0,0,0
202.81,14,1,0,0,0
261.0,20,2,0,0,0
54.41,23,0,0,1,0
5.19,14,4,0,0,0
4.02,9,3,0,0,0
85.32,20,5,0,0,0
49.91,6,0,0,0,0
2.91,2,1,0,1,0
87.53,1,4,0,1,0
1.14,5,1,0,1,0
154.82,20,2,0,0,0
36.59,8,3,0,0,0
4.11,9,4,0,0,0
88.76,3,1,0,1,0
50.7,2,3,0,1,0
364.2,8,0,0,0,0
78.57,23,2,0,1,0
32.19,21,3,0,0,0
123.59,16,3,0,0,0
31.68,13,2,0,0,0
234.59,9,2,1,0,0
46.96,12,1,0,0,0
79.82,11,2,0,0,0
5.19,0,3,0,1,0
55.53,21,0,0,0,0
178.6,18,4,0,0,0
163.81,18,1,0,0,0
25.4,5,1,0,1,0
25.63,12,1,0,0,0
169.99,18,2,0,0,0
266.5,12,3,0,0,0
10.02,21,2,0,0,0
59.79,20,2,0,0,0
41.17,3,2,0,1,0
204.55,23,2,0,1,0
8.72,1,2,0,1,0
23.71,14,1,0,0,0
139.62,11,0,0,0,0
5.27,6,1,0,0,0
67.83,19,0,0,0,0
58.36,17,1,1,0,0
40.71,22,1,0,0,0
50.18,12,2,0,0,0
75.49,16,1,0,0,0
17.6,3,2,0,1,0
84.86,13,1,0,0,0
163.7,19,1,0,0,0
142.78,12,0,0,0,0
16.71,2,2,0,1,0
16.16,17,1,0,0,0
31.22,13,1,0,0,0
44.8,14,0,0,0,0
52.5,2,3,0,1,0
113.85,0,4,0,1,0
5.84,23,1,0,1,0
3.53,16,1,0,0,0
49.74,2,1,0,1,0
119.46,13,2,0,0,0
21.5,2,0,0,1,0
102.58,12,3,0,0,0
30.09,14,1,0,0,0
217.23,17,2,0,0,0
226.04,13,4,0,0,0
35.28,20,0,0,0,0
26.14,2,4,0,1,0
52.98,18,0,0,0,0
27.51,7,3,0,0,0
111.59,3,3,0,1,0
174.91,3,3,0,1,0
111.81,18,1,1,0,0
173.93,10,0,0,0,0
50.58,0,2,0,1,0
17.0,7,0,0,0,0
133.92,14,0,0,0,0
44.7,0,2,0,1,0
111.25,6,1,0,0,0
31.56,20,3,0,0,0
8.47,19,2,0,0,0
490.38,19,2,0,0,0
16.98,23,2,0,1,0
445.86,10,2,0,0,0
378.45,13,2,0,0,0
157.9,21,1,0,0,0
107.71,15,2,0,0,0
86.23,13,4,0,0,0
201.07,11,0,0,0,0
34.17,16,3,0,0,0
63.05,13,1,0,0,0
96.6,9,3,1,0,0
52.97,23,1,0,1,0
55.77,13,1,0,0,0
40.09,17,2,0,0,0
83.06,21,2,1,0,0
190.1,8,3,1,0,0
22.51,16,2,0,0,0
272.47,5,2,0,1,0
116.82,7,2,0,0,0
173.32,12,3,0,0,0
81.24,17,2,0,0,0
151.19,4,1,0,1,0
1.63,5,3,0,1,0
170.58,20,2,0,0,0
4.1,18,2,0,0,0
220.65,3,1,0,1,0
482.37,6,3,0,0,0
34.82,3,1,0,1,0
23.61,10,0,0,0,0
144.97,11,1,0,0,0
29.17,13,1,0,0,0
200.67,12,1,0,0,0
10.85,9,6,0,0,0
13.46,17,0,1,0,0
387.05,15,1,0,0,0
112.04,4,1,0,1,0
187.66,7,2,1,0,0
39.2,13,2,0,0,0
112.85,4,0,0,1,0
90.2,23,5,1,1,1
92.42,7,1,0,0,0
114.74,5,0,1,1,0
85.65,15,4,0,0,0
56.05,3,1,0,1,0
32.29,11,2,0,0,0
146.35,10,2,0,0,0
25.65,2,1,0,1,0
117.88,11,2,0,0,0
26.57,4,0,0,1,0
98.17,5,5,1,1,1
137.47,18,2,0,0,0
24.68,17,0,0,0,0
6.18,15,2,0,0,0
14.04,22,2,0,0,0
93.14,10,2,0,0,0
189.34,4,2,1,1,0
4.6,8,0,0,0,0
132.48,2,2,0,1,0
41.75,7,1,0,0,0
65.11,5,2,0,1,0
264.31,3,0,0,1,0
40.34,11,1,0,0,0
62.61,11,0,0,0,0
1.38,20,2,0,0,0
8.51,15,0,0,0,0
29.92,9,3,1,0,0
2.82,21,3,0,0,0
99.8,13,1,0,0,0
55.58,12,0,0,0,0
79.44,8,2,0,0,0
19.19,6,0,0,0,0
35.09,11,2,0,0,0
109.01,4,0,0,1,0
336.11,17,3,0,0,0
5.17,3,2,0,1,0
221.08,1,2,0,1,0
86.01,2,0,0,1,0
82.99,11,1,0,0,0
69.37,2,2,0,1,0
7.19,3,1,0,1,0
9.42,5,1,0,1,0
91.86,11,2,0,0,0
41.7,18,2,0,0,0
249.21,9,3,0,0,0
52.19,0,1,0,1,0
15.46,16,3,0,0,0
125.43,15,2,0,0,0
34.72,8,0,0,0,0
74.54,20,1,0,0,0
119.68,8,4,0,0,0
230.52,22,2,0,0,0
157.11,8,3,0,0,0
112.81,11,3,0,0,0
113.83,22,1,0,0,0
291.74,8,2,0,0,0
35.07,14,2,0,0,0
0.11,1,1,0,1,0
31.74,10,0,0,0,0
24.58,10,1,0,0,0
108.42,7,0,0,0,0
100.43,22,0,0,0,0
90.01,5,0,1,1,0
1.64,20,0,0,0,0
130.48,19,2,0,0,0
39.09,6,0,1,0,0
109.38,2,1,0,1,0
81.32,7,1,0,0,0
41.97,17,1,0,0,0
14.45,16,2,0,0,0
9.92,10,3,0,0,0
178.09,1,1,0,1,0
250.59,20,0,0,0,0
104.92,23,3,0,1,0
10.92,18,3,1,0,0
51.42,6,5,0,0,0
130.54,17,2,0,0,0
151.33,7,2,0,0,0
12.58,13,2,0,0,0
0.0,6,1,1,0,0
124.53,20,1,0,0,0
44.1,3,1,0,1,0
29.37,16,3,0,0,0
1.3,4,0,0,1,0
77.72,11,1,0,0,0
190.48,8,3,0,0,0
316.14,19,4,0,0,0
83.41,12,2,0,0,0
72.25,17,2,0,0,0
8.89,19,0,0,0,0
79.6,8,1,0,0,0
47.8,3,3,0,1,0
93.43,20,1,0,0,0
49.22,7,4,0,0,0
27.48,0,1,1,1,0
9.98,16,0,1,0,0
37.82,8,3,0,0,0
10.16,19,0,0,0,0
19.47,12,2,1,0,0
436.9,1,5,0,1,1
58.72,12,2,0,0,0
75.9,8,1,0,0,0
206.85,19,2,0,0,0
541.91,5,1,0,1,0
87.4,0,0,0,1,0
167.38,4,3,0,1,0
39.59,2,1,0,1,0
36.49,3,3,0,1,0
51.53,0,2,1,1,0
111.63,13,0,0,0,0
114.63,8,3,0,0,0
37.87,23,2,0,1,0
14.3,3,3,0,1,0
100.07,17,1,0,0,0
13.73,13,1,0,0,0
86.39,3,3,1,1,0
118.23,9,1,0,0,0
120.6,2,1,0,1,0
140.03,22,1,0,0,0
206.25,6,0,0,0,0
69.31,9,3,0,0,0
131.03,12,2,0,0,0
96.54,3,1,0,1,0
20.66,17,1,0,0,0
2.6,10,1,1,0,0
33.48,3,2,0,1,0
58.53,23,2,0,1,0
96.0,13,2,0,0,0
189.68,17,3,0,0,0
21.85,7,7,0,0,0
13.42,9,2,0,0,0
330.99,4,4,0,1,0
11.43,22,3,0,0,0
65.1,6,4,0,0,0
88.08,11,2,0,0,0
77.95,2,1,0,1,0
9.0,3,3,0,1,0
5.87,9,2,0,0,0
11.15,3,1,0,1,0
88.09,14,3,0,0,0
78.6,9,5,0,0,0
26.62,20,2,0,0,0
101.55,21,2,0,0,0
171.52,15,3,0,0,0
4.25,14,0,0,0,0
68.94,18,3,0,0,0
116.9,19,1,0,0,0
29.08,18,1,0,0,0
36.78,17,1,0,0,0
95.1,11,3,0,0,0
228.21,15,0,1,0,0
166.03,0,2,1,1,0
87.5,15,1,0,0,0
131.02,1,2,0,1,0
45.39,23,0,0,1,0
102.43,14,4,0,0,0
62.77,6,3,0,0,0
21.06,0,2,1,1,1
120.98,4,6,0,1,0
81.3,9,3,0,0,0
44.41,21,1,0,0,0
242.29,20,1,0,0,0
2.12,3,3,1,1,1
37.95,13,3,0,0,0
5.86,12,4,0,0,0
145.47,0,0,0,1,0
121.1,15,5,0,0,0
40.25,22,3,0,0,0
112.6,8,3,0,0,0
50.41,21,7,0,0,0
141.16,15,1,1,0,0
60.55,18,2,0,0,0
53.15,14,2,0,0,0
272.92,13,3,0,0,0
28.89,19,3,0,0,0
12.83,9,1,0,0,0
87.84,20,2,0,0,0
348.42,11,2,0,0,0
47.46,0,1,0,1,0
6.4,20,1,0,0,0
41.45,16,1,0,0,0
70.51,8,4,0,0,0
17.66,22,1,0,0,0
107.32,18,2,0,0,0
609.66,17,3,0,0,0
60.1,6,2,1,0,0
43.81,8,3,0,0,0
51.2,21,1,0,0,0
12.23,20,4,0,0,0
214.79,11,1,0,0,0
53.58,6,1,1,0,0
48.98,13,2,1,0,0
107.79,14,1,0,0,0
58.35,14,1,0,0,0
104.48,5,1,1,1,0
6.34,20,2,0,0,0
168.05,13,2,0,0,0
282.18,1,1,0,1,1
104.63,7,0,0,0,0
309.15,12,1,0,0,0
16.42,22,2,1,0,0
64.9,5,2,0,1,0
92.08,4,3,0,1,0
87.16,4,1,0,1,0
51.33,0,2,0,1,0
41.26,8,0,0,0,0
13.56,5,4,0,1,0
49.72,19,0,0,0,0
17.75,6,6,0,0,0
132.56,8,1,0,0,0
23.42,4,2,0,1,0
6.04,13,3,0,0,0
80.38,4,3,0,1,0
90.44,7,3,0,0,0
205.5,6,4,0,0,0
86.03,12,5,0,0,0
42.39,12,2,0,0,0
162.46,7,3,0,0,0
77.71,10,4,1,0,0
8.26,17,4,0,0,0
83.44,18,2,0,0,0
238.62,5,3,0,1,0
50.47,21,1,0,0,0
35.14,1,2,0,1,0
15.49,12,2,0,0,0
16.42,22,4,1,0,0
56.7,10,0,0,0,0
90.55,0,6,1,1,1
8.41,23,0,1,1,0
280.62,1,1,0,1,1
140.7,16,1,0,0,0
88.34,7,1,0,0,0
176.28,1,0,0,1,0
8.36,5,1,0,1,0
64.79,21,1,0,0,0
99.45,4,1,0,1,0
176.41,15,3,0,0,0
153.0,7,1,0,0,0
32.44,18,5,0,0,0
282.82,15,4,0,0,0
13.28,12,4,1,0,0
208.05,19,1,0,0,0
353.84,6,3,0,0,0
19.5,15,3,1,0,0
128.04,22,4,0,0,0
4.11,15,0,0,0,0
51.99,11,1,0,0,0
72.63,13,1,0,0,0
86.9,23,0,1,1,0
274.79,17,2,0,0,0
111.55,17,2,0,0,0
65.64,15,3,0,0,0
165.9,19,6,0,0,0
300.64,15,0,0,0,0
2.23,12,1,0,0,0
404.68,8,3,0,0,0
9.01,8,4,0,0,0
168.41,12,2,0,0,0
32.9,3,1,0,1,0
14.18,8,1,0,0,0
57.96,14,3,0,0,0
103.27,13,3,0,0,0
47.96,18,0,0,0,0
5.61,11,0,0,0,0
91.49,20,2,0,0,0
232.69,5,1,0,1,0
48.32,2,3,0,1,0
24.38,21,1,0,0,0
58.44,19,2,0,0,0
4.96,15,2,1,0,0
171.75,19,1,0,0,0
175.07,23,1,0,1,0
88.67,22,2,0,0,0
43.56,16,0,0,0,0
160.84,15,1,0,0,0
80.9,5,1,0,1,0
174.83,7,2,0,0,0
99.82,18,1,0,0,0
153.44,1,1,0,1,0
91.27,13,1,0,0,0
53.47,21,1,0,0,0
316.88,11,3,0,0,0
77.9,16,2,0,0,0
92.91,14,3,0,0,0
24.91,17,1,0,0,0
98.26,15,1,0,0,0
84.77,12,0,0,0,0
20.44,20,1,0,0,0
6.14,16,1,0,0,0
92.72,7,1,0,0,0
144.26,0,1,0,1,0
74.11,2,1,0,1,0
25.72,15,2,0,0,0
109.82,1,3,0,1,0
8.35,14,3,0,0,0
58.31,0,5,0,1,0
17.84,8,1,0,0,0
20.39,15,2,0,0,0
22.6,3,1,0,1,0
48.89,11,0,0,0,0
5.25,0,1,1,1,0
50.72,0,2,0,1,0
71.68,6,0,0,0,0
66.03,17,1,0,0,0
48.25,22,2,0,0,0
182.73,22,2,0,0,0
15.7,14,4,0,0,0
70.46,12,1,0,0,0
6.4,15,2,0,0,0
7.38,6,3,0,0,0
85.3,15,1,0,0,0
83.48,12,1,1,0,0
210.4,13,4,0,0,0
81.62,16,0,0,0,0
321.37,11,0,1,0,1
4.99,23,3,0,1,0
10.31,23,1,0,1,0
4.51,19,3,0,0,0
20.49,12,4,0,0,0
77.93,23,2,0,1,0
103.73,19,1,0,0,0
4.67,14,5,0,0,0
291.82,23,0,0,1,1
184.62,20,1,0,0,0
35.18,3,3,0,1,0
8.03,21,0,0,0,0
18.62,1,0,1,1,0
13.58,17,1,0,0,0
13.16,1,3,1,1,0
73.1,14,2,0,0,0
28.22,18,0,0,0,0
44.34,14,0,0,0,0
455.69,19,3,0,0,0
115.3,9,2,0,0,0
297.56,23,4,0,1,0
15.38,19,2,0,0,0
48.15,10,2,0,0,0
80.91,9,2,1,0,0
7.99,22,1,0,0,0
0.42,4,1,0,1,0
111.0,8,1,0,0,0
102.67,19,2,0,0,0
52.9,18,1,1,0,0
67.26,12,2,0,0,0
53.69,17,0,0,0,0
2.43,16,2,0,0,0
40.85,5,1,0,1,0
19.49,9,2,0,0,0
10.36,1,2,1,1,0
314.01,23,2,0,1,0
91.47,5,4,1,1,0
130.44,20,3,0,0,0
37.89,12,1,0,0,0
49.95,17,2,0,0,0
27.04,6,1,0,0,0
10.2,1,3,0,1,0
19.73,13,3,0,0,0
159.71,4,0,0,1,0
113.18,17,3,0,0,0
79.17,10,2,0,0,0
64.45,9,0,0,0,0
255.66,10,1,0,0,0
7.55,1,5,0,1,0
32.93,14,2,0,0,0
43.07,6,0,0,0,0
152.52,8,3,0,0,0
489.48,4,3,0,1,0
27.53,6,3,0,0,0
207.39,19,2,0,0,0
177.56,1,1,0,1,0
25.45,2,1,0,1,0
50.97,1,2,0,1,0
52.71,20,1,0,0,0
382.68,21,1,0,0,0
19.95,22,3,0,0,0
160.52,18,0,0,0,0
40.68,3,3,0,1,0
131.26,23,0,0,1,0
54.47,19,2,0,0,0
86.36,6,2,0,0,0
178.74,21,0,0,0,0
163.05,6,1,0,0,0
201.31,16,0,0,0,0
6.15,18,3,0,0,0
117.78,21,3,1,0,0
15.08,15,2,0,0,0
53.75,2,2,0,1,0
79.54,14,3,0,0,0
51.54,13,0,0,0,0
73.32,14,1,0,0,0
566.25,13,2,0,0,0
14.53,6,3,0,0,0
112.53,2,0,1,1,1
50.42,16,0,0,0,0
14.27,9,0,0,0,0
17.29,14,1,0,0,0
298.13,5,5,0,1,1
211.69,16,1,0,0,0
237.56,16,3,0,0,0
477.16,13,1,0,0,0
23.36,23,1,0,1,0
43.92,17,2,0,0,0
110.63,4,2,0,1,0
66.13,7,3,0,0,0
54.2,6,0,0,0,0
44.29,22,3,1,0,0
90.09,3,8,0,1,1
85.71,17,2,0,0,0
17.61,4,1,0,1,0
63.82,15,1,0,0,0
80.63,13,2,0,0,0
84.46,18,1,0,0,0
23.59,13,2,0,0,0
135.58,8,4,0,0,0
2.55,5,1,0,1,0
43.82,16,0,0,0,0
151.51,18,2,0,0,0
82.99,11,1,0,0,0
30.27,3,1,0,1,0
118.73,15,3,0,0,0
83.79,10,2,0,0,0
159.08,21,1,0,0,0
132.81,3,2,0,1,0
94.19,16,2,0,0,0
66.98,7,1,0,0,0
14.29,13,4,0,0,0
30.29,1,3,0,1,0
54.32,10,3,0,0,0
91.45,10,1,0,0,0
72.09,23,1,0,1,0
33.99,21,0,0,0,0
0.65,23,5,1,1,1
68.57,5,0,0,1,0
33.63,20,1,1,0,0
132.65,20,2,0,0,0
2.42,13,0,0,0,0
87.91,9,2,0,0,0
283.83,7,2,0,0,0
19.17,6,1,0,0,0
63.8,7,2,0,0,0
9.59,7,1,0,0,0
98.26,22,0,0,0,0
79.97,1,1,0,1,0
52.32,15,0,0,0,0
73.68,8,3,0,0,0
226.89,12,2,0,0,0
21.85,22,3,0,0,0
2.28,11,6,1,0,0
197.81,21,1,0,0,0
86.07,16,0,0,0,0
221.33,1,0,0,1,0
90.87,12,1,0,0,0
166.16,0,0,0,1,0
56.15,18,3,0,0,0
138.57,10,2,0,0,0
244.23,4,1,0,1,0
84.89,0,1,0,1,0
19.94,19,1,0,0,0
31.31,12,0,0,0,0
22.15,7,1,0,0,0
28.35,5,3,0,1,0
36.59,16,3,0,0,0
81.0,11,1,0,0,0
88.67,0,4,0,1,0
55.6,2,3,0,1,0
95.56,13,0,0,0,0
8.51,7,2,0,0,0
9.19,10,3,0,0,0
18.85,13,3,0,0,0
73.0,7,3,0,0,0
24.08,2,2,0,1,0
33.31,6,1,0,0,0
51.13,18,2,0,0,0
167.06,3,1,0,1,0
1.4,15,3,0,0,0
104.8,12,1,1,0,0
110.53,19,4,0,0,0
160.27,18,0,0,0,0
269.94,4,1,0,1,0
2.03,22,2,0,0,0
16.7,4,5,0,1,1
217.31,19,1,0,0,0
61.34,23,1,0,1,0
83.15,3,0,0,1,0
108.78,1,0,1,1,0
113.65,12,0,0,0,0
268.44,15,2,1,0,0
579.24,21,1,0,0,0
127.35,1,1,0,1,0
33.86,18,1,0,0,0
211.82,16,1,1,0,0
5.05,4,6,1,1,1
26.28,17,2,0,0,0
227.68,22,3,0,0,0
29.6,20,3,1,0,0
24.93,17,3,0,0,0
14.86,7,4,0,0,0
195.98,14,1,0,0,0
69.33,12,3,0,0,0
112.36,12,3,0,0,0
27.32,15,1,0,0,0
141.9,21,2,0,0,0
142.71,19,2,0,0,0
37.48,12,0,0,0,0
52.88,19,3,0,0,0
23.53,1,3,0,1,0
375.34,2,4,1,1,1
103.73,14,2,0,0,0
272.64,22,1,0,0,0
36.15,18,3,0,0,0
152.28,12,2,0,0,0
145.18,4,4,0,1,0
117.65,21,0,0,0,0
337.08,5,4,0,1,0
50.01,13,4,0,0,0
14.01,3,2,0,1,0
111.39,21,2,0,0,0
130.68,18,2,0,0,0
85.58,22,1,0,0,0
23.17,6,3,0,0,0
70.21,3,2,0,1,0
37.42,1,2,0,1,0
55.77,6,3,0,0,0
103.63,2,5,0,1,0
136.73,14,2,0,0,0
26.43,0,2,0,1,0
51.97,1,5,0,1,0
31.36,9,4,0,0,0
22.14,15,2,0,0,0
152.96,14,0,0,0,0
239.97,23,1,0,1,0
46.24,14,4,0,0,0
139.14,13,1,0,0,0
227.3,21,2,0,0,0
187.16,13,1,0,0,0
20.19,5,4,0,1,0
313.02,13,4,0,0,0
47.27,16,3,1,0,0
41.44,17,1,0,0,0
6.45,19,0,0,0,0
66.59,18,1,0,0,0
11.54,16,1,0,0,0
28.57,15,0,0,0,0
38.12,7,0,0,0,0
165.46,6,0,0,0,0
208.34,19,1,0,0,0
36.02,11,1,0,0,0
195.69,8,1,0,0,0
194.65,13,5,0,0,0
144.67,19,3,1,0,0
15.86,0,6,0,1,1
117.22,9,1,0,0,0
290.09,16,0,0,0,0
114.74,16,0,0,0,0
40.29,16,2,0,0,0
69.43,3,3,0,1,0
103.77,16,3,0,0,0
71.45,17,1,0,0,0
12.78,19,2,0,0,0
37.41,22,3,0,0,0
162.15,1,2,0,1,0
197.63,7,4,0,0,0
14.77,12,1,0,0,0
304.46,22,4,0,0,0
39.87,21,1,0,0,0
108.56,19,0,0,0,0
139.36,21,6,0,0,0
167.1,14,1,0,0,0
291.41,19,4,0,0,0
37.53,22,3,0,0,0
195.55,8,4,0,0,0
14.12,2,2,0,1,0
122.09,2,5,1,1,1
135.47,1,4,0,1,0
113.23,0,2,0,1,0
29.08,13,3,0,0,0
206.39,16,1,0,0,0
18.5,12,1,0,0,0
5.51,18,4,0,0,0
126.4,22,2,0,0,0
64.53,14,2,1,0,0
189.11,13,3,1,0,0
48.35,1,2,0,1,0
18.43,6,1,0,0,0
181.06,16,2,0,0,0
79.61,17,3,0,0,0
20.97,5,2,0,1,0
127.43,20,3,0,0,0
71.56,7,1,1,0,0
92.71,1,1,0,1,0
61.79,0,2,0,1,0
176.44,15,4,0,0,0
176.94,6,2,0,0,0
123.58,21,1,0,0,0
11.14,23,4,0,1,0
182.54,10,1,0,0,0
111.17,14,4,0,0,0
119.41,12,0,0,0,0
45.1,23,2,0,1,0
211.43,1,2,0,1,0
129.23,13,3,0,0,0
11.94,23,1,0,1,0
52.39,5,0,0,1,0
217.49,8,2,0,0,0
4.83,6,3,0,0,0
325.49,17,1,0,0,0
113.68,23,1,0,1,0
99.8,8,1,0,0,0
31.55,22,3,0,0,0
28.61,3,1,0,1,0
284.83,8,3,0,0,0
35.42,3,2,0,1,0
149.39,11,1,0,0,0
49.94,3,2,0,1,0
15.0,23,2,0,1,0
1.08,19,1,1,0,0
78.58,13,1,0,0,0
372.05,23,1,0,1,0
46.07,23,1,1,1,0
44.19,6,1,0,0,0
42.17,12,1,0,0,0
73.51,21,2,0,0,0
58.1,7,3,0,0,0
211.96,22,4,0,0,0
70.43,4,0,0,1,0
70.88,11,3,0,0,0
14.89,12,1,0,0,0
405.93,19,2,0,0,0
28.76,13,1,0,0,0
7.62,17,4,1,0,0
108.81,23,0,0,1,0
90.48,19,1,0,0,0
53.64,3,1,0,1,0
54.85,20,0,0,0,0
153.74,17,1,0,0,0
21.78,6,0,0,0,0
171.62,14,0,0,0,0
104.62,20,0,1,0,0
54.3,5,2,0,1,0
61.25,15,2,0,0,0
29.66,19,2,0,0,0
139.48,23,2,0,1,0
71.92,7,1,0,0,0
38.69,20,2,0,0,0
90.65,15,1,0,0,0
545.72,21,2,0,0,0
57.14,15,3,0,0,0
253.44,2,3,0,1,0
42.31,16,0,0,0,0
5.63,8,3,0,0,0
22.85,2,0,1,1,0
54.25,19,1,1,0,0
24.8,6,3,1,0,0
0.02,17,1,0,0,0
246.51,11,0,0,0,0
185.71,18,1,1,0,0
135.59,15,5,1,0,0
18.37,21,1,0,0,0
12.82,23,4,0,1,0
7.0,16,2,0,0,0
128.75,19,1,1,0,0
264.24,14,4,0,0,0
56.31,0,0,0,1,0
12.69,1,4,0,1,0
71.82,7,5,0,0,0
42.9,21,0,0,0,0
46.97,1,0,0,1,0
97.11,18,0,0,0,0
126.84,8,1,0,0,0
11.72,8,3,0,0,0
3.62,12,1,0,0,0
517.26,5,3,0,1,1
26.49,14,1,0,0,0
5.53,18,3,0,0,0
21.06,20,2,0,0,0
3.97,14,3,1,0,0
49.73,17,1,0,0,0
162.15,6,0,0,0,0
41.74,10,1,0,0,0
58.73,7,1,0,0,0
112.57,5,5,1,1,1
71.11,7,2,0,0,0
197.65,1,1,0,1,0
201.02,18,2,0,0,0
1.0,15,4,0,0,0
150.53,6,4,0,0,0
61.75,9,0,1,0,0
449.55,11,0,0,0,0
66.02,16,2,0,0,0
433.48,6,2,0,0,0
140.47,21,2,0,0,0
28.58,7,0,0,0,0
77.3,6,2,0,0,0
484.54,3,2,0,1,0
194.86,2,2,0,1,0
10.24,18,1,1,0,0
122.54,14,1,0,0,0
42.4,3,3,0,1,0
0.7,8,1,0,0,0
51.66,12,3,0,0,0
26.76,17,2,0,0,0
170.85,20,3,0,0,0
41.15,15,1,0,0,0
175.75,0,1,0,1,0
0.06,3,2,1,1,0
36.79,17,1,0,0,0
27.6,7,1,0,0,0
26.6,19,2,0,0,0
7.06,15,1,0,0,0
20.72,20,1,0,0,0
81.09,10,2,1,0,0
34.44,19,1,0,0,0
54.02,20,4,0,0,0
47.3,20,2,0,0,0
208.67,20,1,1,0,0
235.7,18,7,0,0,0
67.92,22,0,0,0,0
40.07,18,2,0,0,0
11.29,17,3,0,0,0
306.62,18,1,0,0,0
6.21,10,2,1,0,0
35.33,2,1,1,1,0
35.39,7,3,0,0,0
38.63,19,2,0,0,0
17.95,18,0,0,0,0
152.86,9,1,0,0,0
13.07,15,2,0,0,0
100.76,4,1,0,1,0
13.22,19,3,0,0,0
7.31,8,1,0,0,0
240.16,7,3,0,0,0
21.09,10,2,0,0,0
172.18,15,1,0,0,0
78.66,6,2,0,0,0
8.11,14,1,0,0,0
311.11,23,2,1,1,1
28.36,20,0,0,0,0
196.36,19,4,0,0,0
18.49,22,0,0,0,0
192.38,16,0,0,0,0
1.33,5,5,0,1,0
71.7,14,1,0,0,0
146.73,7,1,0,0,0
273.02,6,1,0,0,0
239.91,1,5,0,1,1
171.27,12,0,0,0,0
219.1,22,1,0,0,0
22.22,5,1,0,1,0
33.43,4,2,0,1,0
34.1,19,2,1,0,0
47.33,0,4,0,1,0
49.98,17,0,0,0,0
78.65,14,0,0,0,0
17.42,22,3,0,0,0
117.52,9,2,0,0,0
18.34,2,2,1,1,0
37.15,4,2,0,1,0
69.99,23,1,0,1,0
159.18,12,3,0,0,0
134.5,7,1,0,0,0
103.71,21,1,0,0,0
16.93,20,1,1,0,0
79.2,1,1,0,1,0
9.15,8,4,0,0,0
47.38,16,1,0,0,0
53.36,17,3,0,0,0
4.06,12,3,0,0,0
32.02,0,1,0,1,0
311.56,11,3,1,0,0
307.12,19,1,1,0,0
43.44,19,3,0,0,0
4.41,20,1,0,0,0
19.73,4,0,0,1,0
49.79,7,1,0,0,0
295.23,14,1,0,0,0
15.22,2,1,0,1,0
144.19,5,3,1,1,0
11.51,12,3,0,0,0
397.7,11,1,0,0,0
48.06,18,2,0,0,0
149.27,17,3,0,0,0
41.94,23,0,0,1,0
98.8,0,2,0,1,0
21.32,6,1,0,0,0
15.78,11,5,0,0,0
278.17,9,2,1,0,0
249.67,11,2,0,0,0
218.45,10,0,1,0,0
98.2,3,1,0,1,0
165.17,18,1,0,0,0
7.15,5,1,0,1,0
40.77,8,2,0,0,0
37.64,19,3,0,0,0
100.96,9,3,1,0,0
44.0,4,0,0,1,0
16.08,12,1,0,0,0
90.75,8,0,1,0,0
168.41,1,0,0,1,0
48.15,17,1,0,0,0
14.19,20,0,0,0,0
21.9,0,1,0,1,0
27.11,23,4,0,1,0
35.65,20,3,0,0,0
102.94,11,3,1,0,0
91.87,9,1,0,0,0
119.1,1,1,0,1,0
45.02,8,3,0,0,0
173.73,1,1,0,1,0
22.83,22,1,0,0,0
63.31,23,2,0,1,0
161.41,21,2,0,0,0
19.86,13,2,0,0,0
11.64,10,4,0,0,0
215.14,22,4,0,0,0
42.0,10,3,0,0,0
115.16,16,1,0,0,0
2.57,3,2,0,1,0
117.13,12,2,0,0,0
37.99,6,2,0,0,0
5.74,15,3,0,0,0
94.11,0,3,0,1,0
27.55,12,4,0,0,0
48.91,0,2,0,1,0
8.4,10,1,0,0,0
15.92,5,1,0,1,0
35.38,19,0,0,0,0
9.4,2,2,0,1,0
241.72,11,2,0,0,0
0.61,4,4,0,1,0
66.14,8,2,0,0,0
13.15,11,2,0,0,0
36.77,9,3,0,0,0
260.45,18,5,0,0,0
17.64,4,1,0,1,0
337.65,4,1,0,1,0
23.04,8,3,0,0,0
135.31,19,3,0,0,0
79.12,16,3,0,0,0
215.83,9,1,1,0,0
80.74,20,5,1,0,0
76.48,0,2,0,1,0
21.75,21,3,0,0,0
18.18,15,2,0,0,0
248.28,14,1,0,0,0
39.73,22,2,0,0,0
46.53,16,2,0,0,0
142.64,19,2,0,0,0
41.37,12,0,0,0,0
303.79,0,1,0,1,0
133.91,7,2,1,0,0
90.99,4,2,0,1,0
212.78,5,1,0,1,0
5.09,22,0,0,0,0
29.71,19,0,0,0,0
62.56,13,1,0,0,0
25.74,21,0,0,0,0
136.22,22,1,0,0,0
251.59,10,0,0,0,0
55.12,5,1,1,1,0
41.88,10,1,0,0,0
325.84,12,3,0,0,0
58.85,11,2,0,0,0
67.15,21,1,0,0,0
43.33,1,3,0,1,0
240.29,20,1,0,0,0
84.15,2,1,0,1,0
143.62,22,0,0,0,0
167.03,3,2,0,1,0
41.83,16,2,0,0,0
56.86,21,3,0,0,0
188.7,5,1,0,1,0
45.14,6,1,0,0,0
157.96,14,2,0,0,0
283.01,10,1,0,0,0
97.61,23,1,0,1,0
135.34,2,2,0,1,0
163.53,5,2,0,1,0
186.46,1,1,0,1,0
50.26,13,2,0,0,0
5.26,8,3,0,0,0
51.4,17,3,0,0,0
112.01,18,6,0,0,0
59.85,11,2,0,0,0
138.22,12,4,0,0,0
44.16,11,2,0,0,0
100.72,11,2,0,0,0
20.63,17,0,0,0,0
138.38,8,2,0,0,0
78.9,16,3,0,0,0
22.82,20,1,1,0,0
34.52,15,0,0,0,0
138.07,16,0,0,0,0
65.89,20,1,0,0,0
24.34,23,0,0,1,0
341.95,7,0,0,0,0
125.57,10,2,0,0,0
314.97,23,2,0,1,0
55.71,1,0,0,1,0
64.45,7,0,0,0,0
228.23,11,2,0,0,0
74.45,20,0,0,0,0
122.85,0,3,0,1,0
29.06,22,1,0,0,0
59.19,12,2,0,0,0
13.18,21,2,0,0,0
23.06,20,0,0,0,0
0.09,16,3,0,0,0
4.01,13,0,0,0,0
378.47,13,3,0,0,0
27.75,15,1,0,0,0
108.86,16,2,0,0,0
182.7,5,2,0,1,0
80.0,6,0,0,0,0
16.62,0,1,0,1,0
130.24,14,2,0,0,0
91.69,19,4,1,0,0
131.4,20,1,0,0,0
146.86,17,0,0,0,0
370.54,12,2,0,0,0
85.23,23,1,0,1,0
41.8,1,3,0,1,0
104.54,18,1,0,0,0
7.09,14,3,0,0,0
227.69,11,1,0,0,0
12.71,14,2,1,0,0
39.73,17,3,0,0,0
169.14,13,2,0,0,0
90.96,5,0,0,1,0
50.03,11,0,0,0,0
64.14,19,3,0,0,0
192.79,22,0,0,0,0
41.55,5,3,1,1,1
203.75,8,4,0,0,0
9.23,3,4,0,1,0
149.97,16,0,0,0,0
188.09,1,3,0,1,0
20.07,15,3,0,0,0
56.27,23,0,0,1,0
18.09,13,4,0,0,0
122.62,7,1,0,0,0
76.65,13,1,0,0,0
100.87,1,0,0,1,0
21.88,15,1,0,0,0
23.79,3,1,0,1,0
4.24,0,2,0,1,0
38.87,22,2,1,0,0
82.04,19,1,0,0,0
195.15,13,2,0,0,0
109.94,7,1,0,0,0
57.16,2,2,0,1,0
306.02,4,0,0,1,1
127.03,5,2,0,1,0
266.16,21,1,0,0,0
74.99,7,1,0,0,0
29.96,5,2,0,1,0
5.43,5,3,0,1,0
129.49,3,3,1,1,0
12.93,6,2,0,0,0
36.06,23,2,0,1,0
76.03,18,3,1,0,0
83.11,6,1,0,0,0
91.77,2,3,0,1,0
18.18,7,4,0,0,0
47.76,0,1,0,1,0
96.02,0,1,0,1,0
350.05,13,4,1,0,0
130.06,5,3,0,1,0
255.88,9,2,0,0,0
143.64,13,1,0,0,0
89.58,3,1,0,1,0
21.32,5,2,0,1,0
109.87,15,4,0,0,0
97.65,20,3,1,0,0
92.25,0,3,1,1,1
67.29,5,1,0,1,0
75.22,8,5,0,0,0
40.71,14,1,0,0,0
73.25,11,2,0,0,0
22.01,2,3,0,1,0
163.57,10,3,0,0,0
20.55,14,6,0,0,0
8.88,2,2,0,1,0
57.31,13,3,0,0,0
107.38,1,2,0,1,0
57.57,3,3,0,1,0
32.4,18,2,0,0,0
81.68,11,3,0,0,0
42.62,1,1,0,1,0
270.11,16,2,0,0,0
255.94,2,1,0,1,0
69.79,9,0,0,0,0
39.73,15,5,0,0,0
133.61,21,3,0,0,0
3.74,8,1,0,0,0
64.39,10,2,0,0,0
41.0,20,1,0,0,0
253.24,14,2,0,0,0
1.21,2,3,0,1,0
80.48,15,1,0,0,0
134.96,20,0,0,0,0
66.36,20,3,0,0,0
8.93,20,1,0,0,0
359.22,11,4,0,0,0
72.98,22,0,1,0,0
95.24,4,1,0,1,0
27.0,6,1,0,0,0
66.07,8,1,0,0,0
56.06,20,2,0,0,0
7.78,17,2,1,0,0
11.22,20,1,0,0,0
181.69,7,1,0,0,0
27.42,11,3,0,0,0
21.69,19,5,0,0,0
70.3,1,2,0,1,0
146.42,9,2,0,0,0
6.39,18,2,0,0,0
85.99,8,1,0,0,0
12.69,23,3,0,1,0
3.71,7,1,0,0,0
5.42,23,1,0,1,0
179.68,23,3,0,1,0
12.55,23,1,0,1,0
4.62,0,4,0,1,0
57.61,5,0,0,1,0
185.79,11,1,0,0,0
30.44,23,0,0,1,0
54.77,18,2,0,0,0
4.07,16,1,1,0,0
59.62,1,0,0,1,0
86.18,10,6,0,0,0
84.61,17,1,0,0,0
40.41,22,0,0,0,0
37.91,21,4,0,0,0
11.27,10,3,0,0,0
45.7,17,0,0,0,0
10.48,7,3,0,0,0
145.5,14,1,1,0,0
338.95,8,0,0,0,0
350.9,14,2,0,0,0
200.3,6,2,0,0,0
91.83,19,6,0,0,0
120.69,12,1,1,0,0
33.58,12,1,0,0,0
99.63,0,3,0,1,0
60.82,19,0,0,0,0
65.78,3,4,0,1,0
141.79,23,1,1,1,0
33.12,3,1,0,1,0
38.28,3,1,0,1,0
258.55,12,1,0,0,0
5.79,1,2,0,1,0
66.48,22,3,0,0,0
243.96,14,3,0,0,0
94.25,3,1,1,1,0
79.06,5,1,0,1,0
28.73,2,0,0,1,0
42.05,6,0,0,0,0
191.09,5,1,0,1,0
81.92,2,2,0,1,0
72.31,3,1,1,1,1
10.49,9,2,0,0,0
1.62,20,3,0,0,0
331.55,8,1,0,0,0
47.32,5,2,0,1,0
92.44,19,3,0,0,0
8.31,10,0,1,0,0
114.92,6,2,0,0,0
269.66,17,2,0,0,0
85.72,3,2,0,1,0
13.48,4,1,0,1,0
87.16,3,2,0,1,0
145.39,3,3,0,1,0
52.16,12,4,0,0,0
211.89,15,4,0,0,0
104.61,13,0,0,0,0
229.51,10,2,0,0,0
97.69,1,3,0,1,0
14.07,21,0,0,0,0
37.06,13,1,1,0,0
22.54,23,5,1,1,1
239.5,23,1,0,1,0
142.88,6,1,0,0,0
112.82,10,1,0,0,0
35.81,3,1,0,1,0
20.34,6,4,0,0,0
141.24,15,2,0,0,0
64.28,5,0,0,1,0
25.59,5,2,0,1,0
95.87,1,1,1,1,1
4.12,23,1,0,1,0
39.48,7,3,0,0,0
63.22,6,1,0,0,0
16.01,23,1,1,1,1
417.69,13,1,1,0,0
23.46,8,0,0,0,0
13.97,14,3,0,0,0
22.76,21,5,0,0,0
146.56,17,1,0,0,0
55.43,11,0,0,0,0
83.34,22,4,0,0,0
2.12,18,7,0,0,0
3.5,12,1,0,0,0
59.03,6,1,0,0,0
169.64,9,3,0,0,0
216.49,9,4,0,0,0
9.07,1,2,0,1,0
77.3,13,0,0,0,0
244.45,12,3,0,0,0
49.1,21,1,0,0,0
176.94,5,1,0,1,0
14.35,8,4,0,0,0
273.95,12,3,0,0,0
139.2,8,1,0,0,0
283.59,12,4,0,0,0
112.89,4,2,1,1,0
45.16,13,2,1,0,0
278.35,4,3,1,1,0
32.24,8,0,0,0,0
40.37,7,2,0,0,0
120.67,6,1,0,0,0
144.95,7,1,0,0,0
265.08,21,0,0,0,0
22.92,2,0,0,1,0
159.95,22,5,0,0,0
134.15,23,2,0,1,0
6.59,14,2,0,0,0
48.98,7,4,0,0,0
33.24,0,3,0,1,0
36.31,6,0,0,0,0
407.14,18,3,1,0,0
102.94,1,2,0,1,0
126.47,13,2,0,0,0
375.58,17,3,0,0,0
47.35,14,0,0,0,0
161.87,13,0,0,0,0
57.01,23,0,1,1,1
203.66,18,1,0,0,0
19.93,18,1,0,0,0
295.05,21,1,0,0,0
24.69,16,2,0,0,0
39.49,21,1,0,0,0
141.14,18,3,0,0,0
50.05,15,2,0,0,0
93.7,19,1,0,0,0
58.8,18,2,0,0,0
135.62,0,1,0,1,0
25.92,18,3,0,0,0
6.02,6,2,0,0,0
35.66,22,2,0,0,0
64.3,10,3,0,0,0
18.39,4,2,0,1,0
43.82,16,0,0,0,0
51.08,10,1,0,0,0
5.91,23,0,0,1,0
87.54,7,0,0,0,0
215.71,9,4,0,0,0
16.46,11,1,0,0,0
91.08,9,4,0,0,0
109.28,12,3,0,0,0
54.36,17,4,0,0,0
120.76,9,3,0,0,0
52.89,18,2,0,0,0
70.25,19,1,0,0,0
0.74,16,1,0,0,0
117.67,19,2,0,0,0
108.28,15,1,0,0,0
3.92,4,2,0,1,0
45.93,2,0,0,1,0
386.48,14,2,0,0,0
54.6,1,2,0,1,0
69.7,12,1,0,0,0
240.72,21,0,0,0,0
126.32,7,1,0,0,0
87.24,22,0,0,0,0
159.85,16,2,0,0,0
199.78,3,3,0,1,0
61.04,18,2,0,0,0
64.46,21,0,0,0,0
48.78,8,0,0,0,0
340.24,22,0,0,0,0
119.46,14,2,0,0,0
8.69,8,3,0,0,0
198.75,23,4,0,1,0
65.5,20,2,0,0,0
7.12,8,1,0,0,0
79.79,13,1,0,0,0
53.98,22,1,0,0,0
210.17,20,2,0,0,0
22.81,15,1,0,0,0
175.14,23,3,0,1,0
81.57,22,1,0,0,0
5.62,16,1,0,0,0
357.0,12,4,0,0,0
71.87,8,1,0,0,0
34.37,14,0,0,0,0
63.38,6,2,1,0,0
195.09,0,2,0,1,0
36.37,0,1,0,1,0
21.4,4,3,0,1,0
13.82,23,1,0,1,0
35.36,8,2,0,0,0
151.43,11,1,1,0,0
63.8,5,2,0,1,0
25.81,12,1,0,0,0
18.17,7,1,0,0,0
40.46,14,1,0,0,0
281.22,5,1,0,1,1
42.01,5,1,0,1,0
443.32,3,1,0,1,1
66.4,10,1,0,0,0
19.74,20,2,1,0,0
221.77,17,0,0,0,0
61.68,2,0,0,1,0
123.67,2,3,0,1,0
411.73,11,4,0,0,0
5.15,20,1,0,0,0
10.17,20,2,0,0,0
127.46,5,2,0,1,0
33.1,20,5,0,0,0
20.37,5,3,0,1,0
4.02,7,2,0,0,0
2.21,14,0,0,0,0
148.94,17,2,0,0,0
14.44,19,1,0,0,0
63.06,15,1,0,0,0
93.11,5,3,0,1,0
55.92,20,1,0,0,0
2.75,16,4,0,0,0
153.02,8,3,0,0,0
1.06,18,4,0,0,0
143.5,17,3,0,0,0
223.78,22,0,0,0,0
56.71,4,2,0,1,0
76.69,5,5,0,1,0
64.81,11,2,0,0,0
49.3,10,3,1,0,0
218.41,15,1,0,0,0
224.37,19,1,0,0,0
40.92,16,0,0,0,0
95.47,19,2,0,0,0
261.6,8,2,0,0,0
327.17,0,2,0,1,0
71.12,2,2,0,1,0
60.3,20,3,0,0,0
32.67,22,2,0,0,0
319.11,8,3,1,0,0
15.41,21,1,0,0,0
86.71,18,0,1,0,0
33.21,12,1,0,0,0
32.71,22,1,0,0,0
51.91,13,2,0,0,0
671.96,19,2,0,0,0
5.65,18,1,0,0,0
86.4,22,0,0,0,0
8.62,6,1,0,0,0
16.79,3,4,0,1,0
57.9,11,3,0,0,0
71.43,22,2,0,0,0
29.95,13,2,0,0,0
38.05,1,0,1,1,0
9.1,0,0,0,1,0
36.13,17,1,0,0,0
339.8,19,2,0,0,0
289.51,7,4,0,0,0
40.78,2,5,0,1,0
84.6,5,1,0,1,0
240.35,21,2,0,0,0
0.62,12,1,0,0,0
166.43,8,3,0,0,0
296.36,8,2,0,0,0
9.58,19,2,1,0,0
17.61,8,3,1,0,0
323.77,14,0,0,0,0
77.12,12,2,0,0,0
1.43,21,2,0,0,0
29.79,15,2,0,0,0
59.77,1,2,1,1,1
118.06,13,0,0,0,0
132.11,5,4,0,1,0
538.64,1,1,0,1,0
33.9,7,2,0,0,0
77.27,3,1,0,1,0
76.21,20,0,0,0,0
52.03,23,1,0,1,0
18.53,13,4,0,0,0
379.23,10,0,0,0,0
191.95,23,3,0,1,0
68.98,13,5,0,0,0
92.44,11,3,0,0,0
25.78,15,2,1,0,0
78.48,5,2,0,1,0
118.73,19,1,0,0,0
72.4,0,1,1,1,1
463.41,11,4,0,0,0
94.51,6,1,0,0,0
46.36,7,1,1,0,0
147.91,8,3,0,0,0
18.69,1,2,0,1,0
48.53,16,3,0,0,0
42.61,19,2,0,0,0
56.53,12,0,0,0,0
152.23,4,4,0,1,0
66.2,9,0,0,0,0
157.99,11,4,0,0,0
85.92,16,1,0,0,0
41.87,20,2,0,0,0
166.06,5,0,0,1,0
27.22,2,0,1,1,0
25.41,14,3,0,0,0
70.22,6,0,0,0,0
30.23,5,3,1,1,0
0.91,3,1,0,1,0
104.5,18,3,0,0,0
71.56,4,2,0,1,0
58.97,2,1,0,1,0
341.03,8,2,0,0,0
84.68,5,0,1,1,0
199.09,12,2,1,0,0
15.02,21,1,0,0,0
84.21,19,1,0,0,0
202.48,3,3,0,1,0
87.49,1,0,0,1,0
126.59,3,3,1,1,0
46.53,7,3,0,0,0
9.7,12,1,0,0,0
61.23,9,3,0,0,0
50.17,17,2,0,0,0
201.79,8,2,0,0,0
27.97,0,0,0,1,0
340.32,12,2,0,0,0
317.34,17,3,0,0,0
28.45,14,4,0,0,0
42.78,1,2,0,1,0
225.91,10,6,0,0,0
339.99,13,0,0,0,0
58.6,21,0,0,0,0
38.71,14,0,0,0,0
74.67,13,2,0,0,0
116.4,15,4,0,0,0
31.95,22,0,0,0,0
133.36,14,3,0,0,0
5.3,18,1,0,0,0
5.06,8,2,0,0,0
48.82,4,1,0,1,0
43.61,4,3,0,1,0
37.93,10,1,0,0,0
67.53,19,2,0,0,0
38.67,23,1,0,1,0
21.35,3,1,0,1,0
37.03,19,1,0,0,0
368.51,17,4,1,0,0
52.95,2,5,0,1,0
58.83,3,1,0,1,0
85.93,13,3,0,0,0
409.48,6,1,0,0,0
27.65,7,2,0,0,0
114.34,23,1,0,1,0
125.87,15,1,0,0,0
93.48,19,5,0,0,0
9.27,14,3,0,0,0
112.97,6,3,0,0,0
6.62,16,0,0,0,0
90.67,21,2,0,0,0
134.55,21,1,0,0,0
23.7,21,2,0,0,0
184.28,11,2,0,0,0
3.08,17,1,0,0,0
185.67,23,3,0,1,0
61.68,13,0,0,0,0
24.54,14,4,0,0,0
14.36,14,3,0,0,0
306.42,4,3,1,1,1
7.54,15,0,1,0,0
22.2,4,0,0,1,0
42.74,1,1,0,1,0
96.82,19,3,0,0,0
78.7,8,2,1,0,0
13.43,21,3,0,0,0
34.21,8,4,0,0,0
27.28,3,3,0,1,0
24.02,14,5,0,0,0
52.96,10,1,0,0,0
121.75,0,0,1,1,0
24.52,17,3,0,0,0
45.68,0,2,0,1,0
49.58,7,3,0,0,0
374.89,15,2,0,0,0
309.37,21,2,0,0,0
161.01,17,1,0,0,0
27.66,21,1,0,0,0
7.05,8,4,0,0,0
38.11,11,1,0,0,0
31.03,18,7,0,0,0
70.51,17,4,0,0,0
150.39,4,1,0,1,0
195.42,1,2,0,1,0
186.35,6,1,0,0,0
44.58,9,0,0,0,0
116.23,14,3,0,0,0
37.52,6,3,0,0,0
6.28,4,1,0,1,0
120.92,14,1,0,0,0
0.99,19,0,0,0,0
52.62,19,3,1,0,0
39.96,14,3,0,0,0
118.21,9,0,0,0,0
145.35,23,2,0,1,0
36.25,13,5,0,0,0
166.93,9,0,0,0,0
34.8,16,3,0,0,0
59.12,20,1,0,0,0
129.84,13,1,0,0,0
118.06,1,1,0,1,0
437.16,15,1,0,0,0
25.51,12,3,0,0,0
108.57,8,4,0,0,0
94.08,6,0,0,0,0
246.63,15,0,0,0,0
17.0,9,5,0,0,0
139.35,23,0,0,1,0
84.0,21,4,0,0,0
32.11,8,0,0,0,0
64.33,21,4,0,0,0
40.61,22,2,0,0,0
86.59,6,4,0,0,0
219.82,15,1,0,0,0
84.24,8,2,0,0,0
99.89,23,3,0,1,0
73.14,16,2,0,0,0
5.25,19,1,0,0,0
26.51,6,1,0,0,0
67.73,10,1,0,0,0
37.14,7,1,0,0,0
20.06,6,4,0,0,0
70.14,18,0,0,0,0
38.98,19,0,0,0,0
29.86,11,1,0,0,0
62.36,6,1,0,0,0
14.3,7,1,0,0,0
262.76,6,2,0,0,0
202.27,5,2,0,1,0
122.97,8,0,0,0,0
11.23,12,3,0,0,0
149.56,6,2,0,0,0
165.0,7,1,0,0,0
146.0,21,2,0,0,0
12.1,16,1,0,0,0
103.26,16,2,0,0,0
179.77,15,0,0,0,0
86.12,21,1,0,0,0
103.96,1,2,0,1,0
61.32,7,0,0,0,0
75.23,16,2,0,0,0
3.5,12,1,0,0,0
101.88,17,3,0,0,0
8.5,23,1,0,1,0
57.1,21,2,1,0,0
34.62,9,1,1,0,0
78.84,1,1,0,1,0
14.32,1,2,0,1,0
117.65,13,2,0,0,0
158.48,15,0,0,0,0
17.84,6,1,0,0,0
11.02,20,2,0,0,0
15.73,20,0,1,0,0
209.66,23,5,0,1,0
75.12,11,0,0,0,0
62.97,22,3,0,0,0
11.28,13,3,0,0,0
104.86,3,2,0,1,0
202.5,3,4,0,1,0
176.13,17,4,0,0,0
98.36,2,2,0,1,0
7.83,0,2,0,1,0
11.92,16,4,0,0,0
5.06,6,3,1,0,0
29.77,15,1,0,0,0
14.58,4,1,0,1,0
30.12,18,1,0,0,0
48.62,6,1,0,0,0
286.44,13,0,0,0,0
94.26,1,6,0,1,1
180.17,2,2,0,1,0
123.91,16,5,0,0,0
11.94,15,1,0,0,0
133.15,7,0,0,0,0
32.17,17,0,0,0,0
101.92,14,1,0,0,0
41.7,6,0,0,0,0
606.29,8,0,0,0,0
30.59,5,1,0,1,0
32.73,17,0,0,0,0
266.89,17,1,0,0,0
2.5,23,3,0,1,0
119.3,13,2,0,0,0
129.22,13,2,0,0,0
181.02,13,3,0,0,0
366.67,3,2,0,1,0
371.33,3,2,0,1,1
6.75,14,1,0,0,0
172.51,14,1,0,0,0
103.93,17,4,0,0,0
104.23,13,1,0,0,0
13.74,0,1,0,1,0
105.04,9,5,0,0,0
404.46,19,0,0,0,0
242.84,9,4,0,0,0
57.83,9,1,0,0,0
4.08,23,2,0,1,0
44.99,1,1,0,1,0
175.09,7,1,0,0,0
120.9,0,1,0,1,0
61.5,0,2,0,1,0
5.67,3,4,0,1,0
55.67,6,3,0,0,0
63.3,8,3,0,0,0
263.88,15,1,0,0,0
102.47,4,6,0,1,0
37.35,1,0,1,1,0
74.51,22,1,0,0,0
6.83,10,0,0,0,0
359.61,17,4,0,0,0
44.64,18,0,0,0,0
64.98,12,1,0,0,0
43.89,23,1,0,1,0
114.73,10,1,0,0,0
108.54,19,5,0,0,0
125.64,18,4,0,0,0
31.22,16,0,0,0,0
37.93,4,1,1,1,0
13.38,12,5,0,0,0
106.57,19,4,0,0,0
4.06,0,1,0,1,0
91.05,9,2,1,0,0
203.79,7,1,0,0,0
221.49,23,3,0,1,0
59.61,7,0,0,0,0
61.49,18,3,0,0,0
8.01,5,0,0,1,0
111.1,11,0,0,0,0
172.18,6,0,0,0,0
28.06,15,4,0,0,0
54.7,8,2,0,0,0
182.54,20,6,0,0,0
209.66,21,1,1,0,0
27.86,9,1,0,0,0
79.98,9,3,0,0,0
21.38,9,5,0,0,0
10.75,19,2,0,0,0
242.05,15,5,0,0,0
171.76,0,1,0,1,0
142.73,16,1,0,0,0
5.0,20,2,0,0,0
185.62,13,1,0,0,0
57.63,18,2,1,0,0
41.92,20,1,0,0,0
79.07,20,0,0,0,0
9.58,16,2,0,0,0
141.32,13,0,0,0,0
87.33,7,2,0,0,0
20.65,20,1,0,0,0
20.85,20,0,0,0,0
20.36,8,1,0,0,0
5.87,7,3,0,0,0
88.62,12,2,0,0,0
183.48,16,3,0,0,0
1.77,18,1,1,0,0
5.02,6,2,0,0,0
85.04,16,2,0,0,0
171.2,0,2,0,1,0
39.56,4,4,0,1,0
43.02,5,0,0,1,0
90.72,1,1,0,1,0
32.05,15,2,0,0,0
2.7,21,4,0,0,0
132.89,4,0,0,1,0
98.26,4,2,1,1,0
86.93,11,3,0,0,0
135.36,2,3,0,1,0
112.46,15,2,0,0,0
23.05,5,3,0,1,0
43.46,14,3,0,0,0
13.48,14,0,0,0,0
13.91,15,0,0,0,0
112.76,19,3,0,0,0
195.62,12,2,0,0,0
328.96,11,0,1,0,0
98.98,9,5,0,0,0
20.35,13,0,0,0,0
11.17,1,0,0,1,0
167.59,2,2,0,1,0
86.45,8,4,1,0,0
96.31,10,4,0,0,0
152.08,10,2,0,0,0
121.5,21,2,0,0,0
179.85,9,1,0,0,0
5.79,13,3,0,0,0
137.64,8,0,1,0,0
190.28,19,6,0,0,0
33.71,20,2,0,0,0
102.29,9,2,0,0,0
37.71,21,3,0,0,0
316.94,8,1,1,0,1
3.4,4,3,0,1,0
86.7,7,0,0,0,0
18.21,10,2,0,0,0
124.56,0,1,0,1,0
19.35,20,2,0,0,0
26.84,9,1,0,0,0
68.2,0,1,0,1,0
246.32,21,2,0,0,0
23.79,6,2,0,0,0
15.58,13,0,0,0,0
142.29,4,0,1,1,0
69.44,16,1,0,0,0
242.8,21,4,0,0,0
15.85,20,3,0,0,0
103.83,5,3,0,1,0
26.51,15,0,0,0,0
17.05,10,1,1,0,0
115.02,9,2,0,0,0
90.06,14,2,0,0,0
140.58,6,2,0,0,0
37.03,22,1,0,0,0
59.42,1,1,0,1,0
52.0,11,2,0,0,0
414.08,18,2,0,0,0
34.57,11,0,0,0,0
34.93,15,0,0,0,0
43.78,5,0,0,1,0
83.15,2,2,0,1,0
29.08,1,0,0,1,0
246.85,19,1,0,0,0
30.88,4,1,0,1,0
226.16,10,2,0,0,0
10.92,2,2,1,1,0
106.88,2,3,0,1,0
237.5,21,6,1,0,0
18.48,4,2,0,1,0
345.23,21,4,0,0,0
60.31,22,3,0,0,0
291.35,10,2,0,0,0
112.95,2,1,0,1,0
35.89,12,3,0,0,0
20.86,20,0,0,0,0
36.2,7,3,0,0,0
9.76,19,0,0,0,0
15.53,9,4,0,0,0
11.06,1,2,0,1,0
54.98,3,1,0,1,0
158.76,17,0,0,0,0
15.24,18,1,0,0,0
13.96,3,0,0,1,0
103.12,19,1,0,0,0
21.96,8,2,0,0,0
10.27,15,5,0,0,0
18.25,5,2,0,1,0
257.35,3,2,0,1,0
172.3,8,0,0,0,0
43.71,12,5,0,0,0
106.66,8,2,0,0,0
77.06,5,1,1,1,0
113.05,20,3,1,0,0
114.78,18,1,0,0,0
99.08,13,1,0,0,0
30.94,20,4,0,0,0
3.98,14,1,0,0,0
60.8,2,1,0,1,0
221.62,4,3,0,1,0
84.28,20,2,0,0,0
178.61,17,3,0,0,0
478.24,13,4,0,0,0
17.87,15,1,0,0,0
117.69,13,1,0,0,0
112.18,8,1,0,0,0
390.98,14,6,0,0,0
424.06,6,1,0,0,0
116.05,13,1,1,0,0
27.92,5,0,0,1,0
160.22,20,3,0,0,0
11.32,14,1,0,0,0
151.73,19,0,0,0,0
241.01,7,3,0,0,0
48.26,1,5,0,1,0
99.6,7,1,1,0,0
56.24,0,2,0,1,0
57.58,16,1,0,0,0
37.16,18,4,0,0,0
143.6,4,1,0,1,0
275.16,21,0,0,0,0
282.6,19,1,0,0,0
19.21,15,0,0,0,0
207.74,6,1,0,0,0
133.72,6,0,0,0,0
29.15,17,1,0,0,0
6.97,17,4,0,0,0
31.2,1,3,0,1,0
243.28,14,1,0,0,0
100.29,13,1,0,0,0
127.67,17,2,0,0,0
29.73,8,2,0,0,0
127.08,13,5,0,0,0
2.85,4,2,0,1,0
47.05,10,0,0,0,0
98.55,7,1,0,0,0
15.79,4,0,0,1,0
173.16,10,1,0,0,0
26.79,4,0,0,1,0
105.64,16,3,0,0,0
51.95,21,2,0,0,0
90.64,3,0,0,1,0
11.37,14,5,0,0,0
1.71,18,3,0,0,0
240.31,21,2,0,0,0
31.42,1,3,1,1,1
171.3,23,1,0,1,0
733.9,16,3,0,0,0
23.75,11,6,1,0,1
30.81,23,0,0,1,0
108.73,16,0,0,0,0
336.53,9,1,0,0,0
247.47,17,3,0,0,0
69.89,18,5,0,0,0
158.53,17,3,0,0,0
14.59,12,2,0,0,0
379.15,13,1,0,0,0
333.41,23,5,0,1,1
17.88,15,4,0,0,0
35.59,17,2,0,0,0
10.55,17,2,1,0,0
31.71,15,6,0,0,0
169.26,16,2,0,0,0
47.53,6,2,0,0,0
9.26,11,0,0,0,0
41.89,1,1,0,1,0
398.37,9,3,0,0,0
99.34,4,1,0,1,0
53.81,20,3,1,0,0
18.22,2,0,0,1,0
428.14,18,4,0,0,0
171.95,12,3,0,0,0
33.06,11,3,1,0,0
7.26,2,4,0,1,0
5.83,5,3,1,1,1
12.83,13,2,0,0,0
86.93,3,4,0,1,0
264.17,12,2,0,0,0
68.67,18,1,0,0,0
185.12,17,2,0,0,0
59.04,2,1,0,1,0
123.3,19,2,0,0,0
131.63,5,1,0,1,0
19.11,15,0,1,0,0
44.82,19,2,0,0,0
101.42,23,2,0,1,0
7.33,2,3,0,1,0
44.87,11,4,0,0,0
76.53,18,3,0,0,0
557.92,18,3,0,0,0
64.35,23,2,0,1,0
169.31,3,1,1,1,0
56.58,0,0,1,1,0
159.16,1,3,0,1,0
90.49,12,0,0,0,0
217.68,12,2,0,0,0
52.92,1,3,0,1,0
92.71,18,0,0,0,0
99.43,21,2,0,0,0
54.02,23,3,0,1,0
15.58,15,2,0,0,0
9.82,11,4,0,0,0
1.68,0,1,0,1,0
206.78,8,1,0,0,0
26.98,16,1,1,0,0
23.76,9,1,0,0,0
133.19,17,1,0,0,0
38.57,18,2,0,0,0
70.53,6,4,0,0,0
17.73,18,1,0,0,0
321.25,23,3,0,1,0
190.77,14,0,0,0,0
199.36,8,5,0,0,0
52.22,9,1,0,0,0
143.7,22,5,0,0,0
15.53,19,2,0,0,0
0.87,19,2,0,0,0
2.02,3,0,0,1,0
88.33,5,0,0,1,0
60.77,3,2,0,1,0
72.98,4,0,0,1,0
0.75,8,3,1,0,0
54.94,11,3,0,0,0
126.61,22,0,0,0,0
58.46,7,4,1,0,0
131.76,20,3,0,0,0
26.53,4,3,0,1,0
167.74,10,2,0,0,0
88.78,22,0,0,0,0
23.67,10,1,1,0,0
27.01,12,5,0,0,0
98.89,13,0,0,0,0
177.16,7,1,0,0,0
53.72,17,7,0,0,0
29.88,18,0,1,0,0
201.75,11,2,0,0,0
110.64,11,2,0,0,0
59.44,17,2,0,0,0
66.92,9,0,0,0,0
22.85,6,0,0,0,0
98.56,17,0,0,0,0
44.43,11,1,0,0,0
543.65,13,2,0,0,0
65.43,14,3,0,0,0
66.53,15,0,0,0,0
83.44,1,2,0,1,0
248.6,17,2,0,0,0
161.35,11,1,0,0,0
59.99,15,4,0,0,0
126.83,12,0,0,0,0
88.25,19,3,0,0,0
67.8,16,1,0,0,0
21.36,17,2,0,0,0
62.35,2,4,0,1,0
28.21,22,1,1,0,0
246.32,9,3,0,0,0
40.86,0,2,0,1,0
304.21,5,2,0,1,1
76.15,2,0,0,1,0
99.84,18,0,1,0,0
78.29,3,3,0,1,0
13.86,19,0,0,0,0
47.13,22,1,1,0,0
10.44,2,6,0,1,1
97.54,7,4,0,0,0
59.22,7,4,0,0,0
150.5,6,2,0,0,0
24.91,1,2,0,1,0
17.98,20,2,0,0,0
52.14,5,0,0,1,0
261.16,15,6,0,0,0
123.93,9,1,0,0,0
54.29,3,2,0,1,0
72.83,12,3,0,0,0
8.8,9,2,0,0,0
417.18,20,1,0,0,0
109.78,13,3,0,0,0
33.6,8,2,0,0,0
88.14,10,4,0,0,0
11.6,22,2,0,0,0
337.66,17,1,0,0,0
19.21,10,2,0,0,0
104.42,16,2,1,0,0
28.16,1,1,0,1,0
126.43,2,2,0,1,0
149.98,10,3,0,0,0
111.91,17,1,0,0,0
95.32,2,1,0,1,0
223.0,14,2,1,0,0
8.19,10,0,0,0,0
40.18,10,1,0,0,0
28.54,19,1,0,0,0
442.4,10,2,0,0,0
49.33,18,3,1,0,0
131.91,0,0,0,1,0
115.43,4,1,0,1,0
23.84,9,6,0,0,0
27.31,9,1,0,0,0
33.03,13,0,0,0,0
52.95,1,0,0,1,0
26.7,3,0,0,1,0
1.98,1,5,0,1,1
211.52,17,3,0,0,0
337.0,12,3,0,0,0
41.79,18,2,0,0,0
41.33,4,3,0,1,0
0.71,19,1,0,0,0
114.02,1,0,1,1,0
174.55,10,0,0,0,0
15.85,17,0,0,0,0
17.4,5,1,1,1,0
156.1,22,3,0,0,0
95.79,9,2,0,0,0
4.59,21,1,0,0,0
97.43,22,2,0,0,0
36.95,16,2,0,0,0
46.0,21,1,0,0,0
146.85,10,3,0,0,0
166.57,18,1,0,0,0
51.14,16,2,0,0,0
294.04,23,3,0,1,0
52.17,3,2,0,1,0
147.77,23,2,0,1,0
66.14,13,1,0,0,0
227.82,19,1,0,0,0
238.34,3,0,0,1,0
9.15,13,2,0,0,0
275.66,3,2,0,1,0
174.6,5,1,0,1,0
156.69,8,1,0,0,0
22.43,20,0,0,0,0
163.54,11,2,0,0,0
189.8,7,1,0,0,0
34.13,23,3,0,1,0
304.2,3,1,0,1,1
5.11,4,5,0,1,0
16.24,5,2,0,1,0
77.13,4,0,0,1,0
85.75,18,1,0,0,0
103.61,7,3,0,0,0
1.71,8,1,0,0,0
322.81,14,4,0,0,0
4.56,3,1,0,1,0
15.44,8,1,0,0,0
1.41,6,7,0,0,0
83.67,7,0,0,0,0
269.22,14,0,0,0,0
109.65,18,2,1,0,0
172.97,14,1,0,0,0
1.34,4,0,0,1,0
78.09,18,1,0,0,0
61.54,6,0,0,0,0
69.11,5,2,0,1,0
7.5,18,2,0,0,0
115.34,16,2,0,0,0
69.96,9,5,0,0,0
144.88,18,2,0,0,0
66.42,10,1,0,0,0
16.18,14,2,0,0,0
104.49,9,4,0,0,0
18.92,10,2,0,0,0
205.88,22,2,0,0,0
94.96,2,1,0,1,0
17.1,2,1,0,1,0
327.91,17,2,0,0,0
73.06,10,1,0,0,0
7.57,19,4,0,0,0
98.57,21,3,0,0,0
29.2,17,1,0,0,0
162.81,14,1,0,0,0
170.28,6,1,0,0,0
386.07,9,2,0,0,0
69.69,20,2,0,0,0
60.69,22,0,0,0,0
140.03,19,1,0,0,0
14.21,9,2,0,0,0
79.17,12,4,0,0,0
79.02,14,0,0,0,0
9.37,22,0,0,0,0
54.13,17,2,0,0,0
191.93,22,4,0,0,0
193.9,3,1,0,1,0
10.45,19,4,0,0,0
9.51,16,5,0,0,0
30.48,2,4,0,1,0
207.76,20,1,0,0,0
13.8,20,2,0,0,0
127.3,1,0,0,1,0
10.67,3,1,1,1,0
97.59,0,1,0,1,0
44.02,14,1,0,0,0
155.55,0,0,0,1,0
26.62,5,2,0,1,0
101.94,6,3,1,0,0
26.88,18,2,0,0,0
125.06,11,2,0,0,0
206.89,0,2,0,1,0
13.56,6,0,0,0,0
201.44,18,2,0,0,0
90.04,12,3,0,0,0
13.59,11,1,0,0,0
55.78,11,1,1,0,0
17.54,21,3,0,0,0
120.51,12,2,0,0,0
142.24,13,3,0,0,0
11.18,21,2,0,0,0
70.55,11,2,0,0,0
168.54,19,0,0,0,0
275.14,11,5,0,0,0
72.06,5,3,0,1,0
300.13,9,2,0,0,0
76.72,19,1,0,0,0
50.12,23,4,0,1,0
188.52,8,0,1,0,0
67.92,1,3,0,1,0
63.85,6,2,0,0,0
67.4,8,0,0,0,0
187.59,11,4,1,0,0
178.34,4,1,0,1,0
51.67,0,2,0,1,0
40.54,21,1,0,0,0
67.71,14,0,0,0,0
85.04,7,3,1,0,0
27.23,0,0,0,1,0
157.97,17,2,0,0,0
66.65,12,3,0,0,0
40.65,0,0,0,1,0
11.3,4,1,0,1,0
27.29,17,5,0,0,0
298.15,15,1,0,0,0
36.4,9,2,0,0,0
18.5,3,2,0,1,0
61.74,0,3,0,1,0
36.69,22,2,0,0,0
3.58,7,1,0,0,0
39.03,4,2,0,1,0
78.55,1,2,0,1,0
80.23,23,1,0,1,0
44.09,16,2,0,0,0
59.29,6,2,0,0,0
336.73,16,1,0,0,0
47.38,5,0,0,1,0
29.87,21,2,0,0,0
27.9,14,1,0,0,0
61.21,4,1,0,1,0
142.51,14,1,0,0,0
23.07,17,2,0,0,0
123.55,17,2,0,0,0
2.14,20,3,0,0,0
54.29,20,1,0,0,0
149.55,22,1,0,0,0
41.36,5,3,0,1,0
82.95,1,0,0,1,0
22.94,16,0,1,0,0
135.48,20,0,0,0,0
5.37,3,0,0,1,0
191.42,11,1,0,0,0
22.09,18,1,0,0,0
207.46,1,4,0,1,0
43.47,1,3,0,1,0
128.26,13,0,0,0,0
38.45,14,1,0,0,0
236.35,19,2,1,0,0
13.54,1,0,0,1,0
19.66,3,4,0,1,0
67.93,18,0,0,0,0
8.55,8,2,0,0,0
21.81,6,2,1,0,0
287.82,12,2,0,0,0
375.03,11,4,0,0,0
47.2,2,3,0,1,0
256.77,12,3,0,0,0
78.71,14,3,0,0,0
31.44,13,2,0,0,0
121.2,23,0,0,1,0
107.56,8,1,1,0,0
452.13,12,1,0,0,0
30.79,22,2,0,0,0
111.49,21,2,1,0,0
5.34,3,0,0,1,0
12.06,20,8,1,0,0
0.39,7,1,0,0,0
752.52,2,0,0,1,0
162.09,1,4,0,1,0
154.52,18,0,0,0,0
71.28,22,3,0,0,0
35.68,7,1,0,0,0
16.4,16,2,0,0,0
33.5,12,2,0,0,0
47.16,6,2,1,0,0
141.19,8,1,0,0,0
77.58,11,2,1,0,0
8.07,13,1,0,0,0
1.82,13,0,0,0,0
10.8,14,1,0,0,0
52.85,2,2,1,1,1
270.59,14,1,0,0,0
101.45,18,4,0,0,0
161.86,23,0,0,1,0
62.81,19,1,0,0,0
44.89,13,2,0,0,0
11.47,7,2,1,0,0
208.69,4,1,1,1,0
152.86,18,0,0,0,0
18.41,3,4,0,1,0
71.8,13,4,0,0,0
66.82,15,2,0,0,0
98.11,19,1,0,0,0
292.22,23,2,0,1,0
86.7,5,2,0,1,0
77.7,22,1,0,0,0
5.16,5,2,1,1,0
6.5,2,1,0,1,0
20.75,14,1,0,0,0
3.3,2,3,0,1,0
136.01,10,0,1,0,0
128.49,2,3,0,1,0
14.62,9,2,0,0,0
180.84,17,1,0,0,0
16.82,0,2,0,1,0
35.84,15,2,0,0,0
28.63,15,5,1,0,0
46.57,9,0,0,0,0
29.39,0,2,0,1,0
67.13,3,2,0,1,0
52.32,2,1,0,1,0
431.02,4,2,1,1,1
5.76,11,3,0,0,0
15.34,11,2,0,0,0
5.43,12,3,0,0,0
98.31,23,1,0,1,0
5.61,11,2,0,0,0
181.06,15,1,0,0,0
71.73,12,2,0,0,0
74.87,4,0,0,1,0
82.46,23,2,0,1,0
18.73,3,1,0,1,0
22.03,20,1,1,0,0
38.39,14,3,0,0,0
90.02,11,1,0,0,0
23.59,18,0,0,0,0
12.37,20,3,1,0,0
351.05,18,1,0,0,0
2.22,20,3,1,0,0
162.3,10,4,0,0,0
155.13,20,1,0,0,0
35.27,5,0,0,1,0
14.58,8,1,0,0,0
15.74,0,5,0,1,0
119.54,11,1,0,0,0
102.95,13,3,0,0,0
152.67,5,1,0,1,0
277.23,0,5,0,1,0
117.74,21,2,0,0,0
16.94,1,1,0,1,0
27.9,23,1,0,1,0
184.64,10,3,0,0,0
23.48,2,1,0,1,0
7.53,9,3,0,0,0
121.5,5,1,0,1,0
51.5,5,3,0,1,0
252.62,19,1,1,0,0
105.06,20,0,0,0,0
9.48,1,2,1,1,0
295.38,23,2,0,1,0
29.92,9,4,0,0,0
41.13,22,3,0,0,0
51.46,5,1,0,1,0
5.26,22,2,0,0,0
68.62,16,1,0,0,0
13.16,13,1,1,0,0
51.24,4,1,1,1,0
43.19,22,0,0,0,0
148.21,16,2,0,0,0
162.54,1,0,0,1,0
16.65,8,2,0,0,0
45.66,11,4,0,0,0
46.74,18,4,0,0,0
16.42,21,1,0,0,0
160.17,6,2,0,0,0
122.84,8,1,0,0,0
21.12,20,1,1,0,0
45.68,15,1,0,0,0
11.18,19,3,0,0,0
98.94,10,2,0,0,0
12.94,11,1,0,0,0
426.4,14,0,0,0,0
151.72,17,0,0,0,0
49.47,18,2,0,0,0
86.41,15,2,0,0,0
242.3,14,2,0,0,0
80.77,4,1,0,1,0
19.18,10,1,0,0,0
47.59,14,2,0,0,0
185.24,17,2,0,0,0
103.34,12,1,0,0,0
105.19,3,1,0,1,0
201.61,16,6,0,0,0
224.41,3,1,0,1,0
252.31,15,1,0,0,0
9.97,22,3,0,0,0
78.55,14,0,0,0,0
134.9,13,1,0,0,0
141.44,11,1,0,0,0
93.32,2,3,0,1,0
18.25,9,2,0,0,0
159.66,7,1,0,0,0
127.34,5,3,0,1,0
9.01,21,0,0,0,0
62.33,13,5,0,0,0
19.11,16,1,0,0,0
41.17,20,3,0,0,0
1.82,18,3,0,0,0
51.14,15,3,0,0,0
79.82,14,3,0,0,0
96.65,14,3,0,0,0
108.91,0,1,0,1,0
180.97,23,1,0,1,0
24.27,22,1,0,0,0
12.84,22,2,0,0,0
190.74,11,3,0,0,0
17.03,9,1,0,0,0
367.93,13,1,0,0,0
184.86,9,2,1,0,0
69.49,9,1,0,0,0
398.57,19,2,0,0,0
10.25,10,3,0,0,0
36.11,21,0,0,0,0
101.67,15,4,0,0,0
43.08,8,1,0,0,0
263.63,14,1,0,0,0
6.79,13,2,0,0,0
79.72,18,3,0,0,0
89.37,8,0,0,0,0
105.76,3,2,0,1,0
29.53,20,1,0,0,0
45.34,6,1,0,0,0
185.59,21,2,0,0,0
21.68,7,5,0,0,0
175.37,23,1,0,1,0
82.7,7,1,0,0,0
143.63,18,3,0,0,0
125.04,14,1,0,0,0
23.26,15,1,0,0,0
84.12,21,4,0,0,0
202.29,22,1,0,0,0
56.58,8,1,0,0,0
339.89,11,2,0,0,0
60.19,15,0,0,0,0
15.41,3,3,0,1,0
49.34,4,0,1,1,0
303.04,7,3,0,0,0
38.53,0,3,0,1,0
202.57,5,3,0,1,0
213.07,14,5,0,0,0
43.11,3,1,0,1,0
8.69,20,1,0,0,0
128.94,10,4,0,0,0
37.33,4,1,0,1,0
152.75,17,3,0,0,0
58.46,23,1,0,1,0
66.41,14,4,0,0,0
150.47,17,3,0,0,0
48.19,19,2,0,0,0
58.54,12,2,0,0,0
47.19,4,1,0,1,0
45.78,0,1,1,1,1
74.64,21,2,0,0,0
165.44,17,1,0,0,0
44.91,13,3,0,0,0
74.29,4,0,0,1,0
111.09,5,1,0,1,0
31.39,23,1,0,1,0
32.51,15,2,0,0,0
270.92,21,2,0,0,0
128.57,20,1,0,0,0
86.08,11,2,0,0,0
104.33,19,1,0,0,0
2.97,17,2,0,0,0
96.26,1,2,0,1,0
71.23,22,0,1,0,0
78.91,20,2,1,0,0
44.54,22,0,0,0,0
8.5,12,2,0,0,0
21.49,16,2,0,0,0
301.07,16,2,0,0,0
52.54,15,2,0,0,0
62.86,20,0,0,0,0
5.41,17,0,0,0,0
3.83,7,2,0,0,0
126.29,2,1,0,1,0
77.24,16,2,0,0,0
71.07,17,1,0,0,0
27.86,22,1,0,0,0
136.55,5,1,0,1,0
18.42,7,0,0,0,0
21.06,22,4,0,0,0
61.75,12,2,0,0,0
33.73,7,1,0,0,0
28.43,18,0,0,0,0
103.63,5,0,0,1,0
105.26,22,1,0,0,0
174.02,14,3,0,0,0
54.08,9,2,0,0,0
7.59,16,3,0,0,0
31.97,0,1,0,1,0
391.23,6,2,1,0,0
90.7,12,1,0,0,0
123.7,2,2,1,1,0
0.74,18,2,0,0,0
73.02,14,6,0,0,0
3.83,4,3,0,1,0
84.22,10,5,0,0,0
253.54,21,0,0,0,0
345.52,17,2,0,0,0
77.77,2,1,0,1,0
61.29,5,1,0,1,0
290.07,2,1,0,1,1
111.97,4,1,0,1,0
6.71,8,2,0,0,0
62.68,18,2,0,0,0
27.48,12,4,0,0,0
63.45,5,5,0,1,1
60.78,10,2,0,0,0
87.26,20,0,0,0,0
44.13,20,3,1,0,0
17.95,13,3,0,0,0
70.06,5,0,0,1,0
177.32,5,1,0,1,0
109.07,16,2,0,0,0
41.3,10,2,1,0,0
274.14,14,3,0,0,0
243.28,8,3,1,0,0
23.49,20,4,0,0,0
4.02,16,2,0,0,0
135.21,23,2,0,1,0
175.8,6,7,0,0,0
343.78,6,1,0,0,0
220.58,20,4,0,0,0
91.76,0,1,0,1,0
75.51,7,2,0,0,0
2.82,4,1,0,1,0
28.32,18,1,0,0,0
61.55,7,1,0,0,0
99.02,16,5,0,0,0
81.48,18,2,0,0,0
135.73,11,1,0,0,0
32.82,22,0,0,0,0
83.23,14,1,0,0,0
9.23,3,1,0,1,0
53.39,22,3,0,0,0
138.69,11,0,0,0,0
118.22,12,4,0,0,0
467.16,13,2,0,0,0
32.56,4,3,0,1,0
68.95,21,0,0,0,0
39.98,15,2,1,0,0
58.09,6,2,0,0,0
194.46,14,2,0,0,0
115.27,12,2,0,0,0
214.08,15,2,1,0,0
22.75,11,3,0,0,0
206.64,6,1,0,0,0
6.16,15,1,0,0,0
219.46,22,3,0,0,0
39.91,22,2,1,0,0
37.77,12,4,0,0,0
71.76,22,2,0,0,0
282.5,2,1,0,1,1
4.9,14,3,0,0,0
43.42,2,2,0,1,0
194.19,6,1,0,0,0
50.43,17,3,0,0,0
22.21,13,3,0,0,0
55.3,17,1,0,0,0
48.7,18,2,0,0,0
247.0,13,3,0,0,0
143.52,19,0,0,0,0
70.34,5,1,0,1,0
445.42,7,1,0,0,0
62.6,6,1,0,0,0
6.0,19,3,0,0,0
30.42,17,3,0,0,0
57.28,17,0,0,0,0
17.07,14,4,0,0,0
294.82,19,2,0,0,0
145.61,21,2,0,0,0
31.24,18,4,0,0,0
89.36,21,3,0,0,0
127.82,20,2,0,0,0
283.5,20,2,0,0,0
213.4,1,1,0,1,0
72.4,7,2,0,0,0
149.01,20,2,0,0,0
82.59,10,5,0,0,0
80.45,17,6,0,0,0
12.19,22,1,0,0,0
13.48,12,0,1,0,0
75.4,8,1,0,0,0
31.32,8,2,0,0,0
2.13,16,0,0,0,0
128.32,6,3,0,0,0
3.3,8,1,0,0,0
90.46,21,0,0,0,0
77.48,0,3,1,1,0
346.78,1,1,0,1,1
66.21,3,3,0,1,0
6.57,13,2,0,0,0
80.23,3,1,0,1,0
183.95,1,1,0,1,0
576.01,7,2,0,0,0
56.27,17,3,0,0,0
38.61,18,0,0,0,0
237.14,13,3,0,0,0
21.23,19,3,0,0,0
95.56,9,1,0,0,0
52.04,16,1,0,0,0
4.2,7,0,1,0,0
42.66,13,1,0,0,0
30.82,20,1,0,0,0
115.87,22,2,0,0,0
297.18,7,0,0,0,0
31.2,4,2,0,1,0
166.85,15,1,0,0,0
5.7,7,4,0,0,0
77.25,9,4,0,0,0
7.32,7,3,0,0,0
271.86,8,2,0,0,0
145.39,17,3,0,0,0
107.28,2,0,0,1,0
173.67,16,2,1,0,0
104.28,19,1,0,0,0
347.2,14,1,0,0,0
125.16,20,1,1,0,0
258.57,16,0,0,0,0
72.8,7,2,0,0,0
12.45,1,5,0,1,0
75.12,16,2,0,0,0
13.57,17,0,0,0,0
89.77,4,1,0,1,0
65.87,8,1,0,0,0
97.44,8,0,0,0,0
1.01,1,2,0,1,0
21.67,1,1,0,1,0
67.6,18,2,1,0,0
300.59,22,2,0,0,0
48.39,2,0,0,1,0
55.23,16,2,0,0,0
125.42,13,1,0,0,0
92.58,13,1,0,0,0
35.51,13,0,0,0,0
52.9,5,3,0,1,0
24.55,2,2,0,1,0
338.2,0,1,1,1,1
14.0,15,2,0,0,0
46.5,3,1,0,1,0
2.62,0,4,0,1,0
25.07,16,3,0,0,0
151.63,17,2,0,0,0
22.46,7,0,0,0,0
8.35,1,3,0,1,0
64.33,17,3,0,0,0
1.0,15,3,0,0,0
8.86,9,5,1,0,0
164.83,7,3,0,0,0
147.61,11,2,0,0,0
246.67,21,2,0,0,0
192.77,15,2,0,0,0
114.94,11,2,0,0,0
5.38,10,0,0,0,0
152.72,19,4,0,0,0
186.76,18,0,0,0,0
160.49,0,1,0,1,0
71.03,2,2,0,1,0
26.51,11,0,0,0,0
186.65,8,3,1,0,0
129.89,20,2,1,0,0
395.08,21,0,0,0,0
16.92,4,2,0,1,0
25.58,0,1,0,1,0
23.8,9,0,0,0,0
157.28,16,2,0,0,0
20.69,3,1,0,1,0
6.9,14,5,1,0,1
654.37,18,4,0,0,0
2.51,7,2,0,0,0
180.33,22,2,0,0,0
45.47,14,4,0,0,0
184.27,6,0,0,0,0
80.88,14,0,0,0,0
231.9,7,2,0,0,0
260.63,22,2,0,0,0
0.91,9,0,0,0,0
7.84,17,1,0,0,0
28.82,3,3,0,1,0
110.66,14,2,0,0,0
219.17,10,1,0,0,0
61.61,21,4,0,0,0
93.39,2,6,0,1,0
20.89,14,6,0,0,0
163.46,2,0,0,1,0
342.12,14,0,0,0,0
31.28,5,2,0,1,0
68.29,0,2,0,1,0
9.01,13,1,0,0,0
81.9,15,3,0,0,0
69.87,0,1,0,1,0
15.6,20,1,0,0,0
58.35,16,4,0,0,0
40.66,7,0,0,0,0
73.78,17,3,0,0,0
88.11,15,6,0,0,0
0.85,5,1,0,1,0
143.13,9,1,0,0,0
124.83,9,1,0,0,0
45.62,4,2,1,1,0
5.44,11,7,0,0,0
140.62,19,2,0,0,0
310.5,16,2,0,0,0
27.46,13,3,0,0,0
39.09,13,1,0,0,0
20.31,2,2,0,1,0
86.02,11,0,0,0,0
16.82,19,1,0,0,0
44.04,17,1,1,0,0
119.41,11,2,0,0,0
82.12,1,2,0,1,0
48.85,1,2,0,1,0
54.52,16,1,0,0,0
82.58,9,1,1,0,0
0.59,17,3,0,0,0
8.18,21,2,0,0,0
213.08,18,5,0,0,0
8.11,20,2,0,0,0
122.69,0,2,1,1,0
252.62,23,2,0,1,0
31.56,3,1,0,1,0
46.28,3,2,0,1,0
84.15,1,1,0,1,0
213.46,18,2,0,0,0
284.57,20,0,0,0,0
134.54,11,2,0,0,0
9.06,9,1,0,0,0
110.61,12,0,1,0,0
52.81,21,2,0,0,0
63.62,22,3,0,0,0
5.04,19,0,0,0,0
21.2,22,1,0,0,0
156.31,14,0,0,0,0
60.51,2,1,0,1,0
35.91,22,2,0,0,0
48.45,19,2,1,0,0
192.69,12,4,0,0,0
138.23,7,3,0,0,0
31.79,6,0,0,0,0
12.5,23,3,0,1,0
29.03,7,1,0,0,0
253.52,17,2,0,0,0
87.13,8,1,0,0,0
76.25,5,3,0,1,0
90.73,3,2,1,1,0
45.58,14,1,0,0,0
164.56,4,0,0,1,0
74.08,4,1,0,1,0
12.41,6,2,0,0,0
13.82,8,2,0,0,0
76.97,6,2,0,0,0
275.78,8,1,0,0,0
36.87,19,0,0,0,0
203.67,9,2,0,0,0
144.43,3,1,0,1,0
28.48,5,3,1,1,1
3.7,23,1,0,1,0
10.74,13,2,0,0,0
130.38,8,0,0,0,0
22.27,0,2,0,1,0
46.41,16,0,0,0,0
69.66,12,2,0,0,0
129.27,23,2,0,1,0
12.02,6,0,0,0,0
52.15,8,4,1,0,0
66.37,10,2,0,0,0
77.83,2,5,0,1,0
170.57,11,3,0,0,0
18.84,20,3,0,0,0
164.94,2,2,0,1,0
118.05,14,2,0,0,0
81.16,20,0,0,0,0
120.24,9,2,0,0,0
53.11,0,2,0,1,0
14.9,13,2,1,0,0
109.59,19,2,0,0,0
74.38,5,2,0,1,0
101.99,1,1,0,1,0
41.25,22,0,0,0,0
237.37,7,0,0,0,0
88.52,0,0,0,1,0
8.93,3,2,0,1,0
59.75,3,3,1,1,0
141.2,4,2,0,1,0
158.05,19,3,0,0,0
68.24,8,1,0,0,0
225.14,22,2,0,0,0
31.15,12,0,1,0,0
52.86,17,0,0,0,0
228.87,16,1,0,0,0
226.58,0,9,0,1,0
115.74,21,0,0,0,0
195.89,14,2,0,0,0
9.3,1,3,0,1,0
200.24,15,1,0,0,0
38.66,19,2,0,0,0
19.64,21,0,0,0,0
27.36,4,2,0,1,0
54.12,21,2,0,0,0
28.93,18,4,0,0,0
38.65,4,1,0,1,0
14.5,1,5,1,1,1
35.12,6,6,0,0,0
84.93,2,2,0,1,0
58.31,16,3,0,0,0
42.57,23,1,0,1,0
137.22,23,3,0,1,0
223.97,2,3,1,1,0
141.38,12,0,0,0,0
40.35,6,0,1,0,0
136.43,23,3,0,1,0
16.49,2,3,0,1,0
13.96,14,3,0,0,0
42.41,17,1,1,0,0
164.87,9,3,0,0,0
28.28,22,0,0,0,0
6.53,6,2,0,0,0
14.12,8,1,0,0,0
195.72,4,3,0,1,0
100.45,19,2,0,0,0
29.2,7,2,0,0,0
81.03,13,4,0,0,0
74.99,3,1,0,1,0
106.55,19,5,0,0,0
26.55,13,1,0,0,0
199.81,11,1,0,0,0
37.01,1,1,0,1,0
118.46,12,2,0,0,0
1.63,0,0,0,1,0
46.63,19,1,0,0,0
43.34,6,3,0,0,0
78.41,8,2,0,0,0
7.55,16,2,0,0,0
156.13,20,2,0,0,0
24.56,22,3,0,0,0
113.02,12,2,0,0,0
162.56,22,0,0,0,0
82.53,9,2,0,0,0
135.05,15,5,0,0,0
108.43,5,3,0,1,0
43.93,15,2,0,0,0
165.47,10,3,1,0,0
34.91,19,0,0,0,0
84.68,2,1,0,1,0
136.81,8,1,0,0,0
47.64,14,0,0,0,0
36.06,12,2,1,0,0
61.5,9,2,0,0,0
170.35,19,2,0,0,0
265.81,23,1,1,1,0
78.76,12,2,0,0,0
108.31,16,1,0,0,0
233.59,6,1,0,0,0
10.37,5,2,0,1,0
26.41,12,4,0,0,0
123.41,16,4,0,0,0
173.58,14,4,0,0,0
194.51,3,3,0,1,0
53.63,14,0,0,0,0
9.36,13,0,0,0,0
57.59,20,5,0,0,0
26.23,10,3,0,0,0
34.42,23,0,0,1,0
147.96,3,1,0,1,0
7.85,2,1,0,1,0
175.78,1,5,0,1,0
55.8,19,2,0,0,0
90.65,9,5,0,0,0
9.39,12,1,0,0,0
41.15,19,4,0,0,0
9.4,20,0,0,0,0
325.82,22,1,0,0,0
164.64,17,2,0,0,0
61.55,20,0,0,0,0
25.31,15,1,0,0,0
270.99,10,1,0,0,0
42.25,9,2,0,0,0
17.55,8,2,0,0,0
82.82,11,2,0,0,0
287.84,18,1,0,0,0
0.38,0,2,0,1,0
27.2,17,1,0,0,0
278.79,13,1,0,0,0
18.76,21,4,0,0,0
12.02,20,0,0,0,0
84.44,0,5,0,1,0
197.94,16,0,0,0,0
64.84,10,1,0,0,0
521.48,19,4,0,0,0
113.68,14,5,0,0,0
7.7,3,1,0,1,0
493.81,14,2,0,0,0
52.41,21,2,0,0,0
33.88,21,4,0,0,0
81.62,13,3,0,0,0
36.28,21,2,0,0,0
9.04,0,5,0,1,1
0.14,8,0,0,0,0
59.71,6,3,0,0,0
181.32,22,2,0,0,0
84.94,10,1,0,0,0
714.01,22,3,1,0,0
33.81,1,3,1,1,1
32.91,1,2,0,1,0
17.41,5,0,0,1,0
17.92,22,3,0,0,0
33.57,18,1,0,0,0
157.43,19,2,0,0,0
236.19,13,3,0,0,0
369.24,2,0,0,1,0
26.43,6,1,0,0,0
213.11,6,2,0,0,0
39.79,3,1,0,1,0
11.97,22,1,0,0,0
204.04,4,3,0,1,0
101.09,16,4,0,0,0
18.0,3,3,0,1,0
56.18,22,2,1,0,0
33.86,12,0,0,0,0
133.48,15,1,0,0,0
60.41,15,5,0,0,0
453.56,1,3,0,1,0
5.63,17,0,1,0,0
43.85,0,0,0,1,0
65.76,17,3,0,0,0
69.94,7,2,0,0,0
37.97,10,1,0,0,0
130.65,23,3,0,1,0
207.74,23,1,0,1,0
279.23,14,4,0,0,0
163.52,15,2,0,0,0
190.1,16,1,1,0,0
79.97,16,3,0,0,0
174.81,11,1,0,0,0
36.17,9,1,0,0,0
50.83,19,1,1,0,0
38.11,5,2,0,1,0
63.0,7,1,0,0,0
33.63,12,2,0,0,0
326.0,1,0,0,1,1
37.52,18,2,0,0,0
10.32,21,1,0,0,0
74.83,9,3,0,0,0
5.88,3,2,0,1,0
11.71,11,1,0,0,0
24.77,17,2,0,0,0
62.43,6,0,0,0,0
56.78,19,1,0,0,0
160.79,23,1,0,1,0
134.51,23,2,0,1,0
55.57,22,2,0,0,0
40.6,3,1,0,1,0
38.05,6,2,0,0,0
148.72,9,1,1,0,0
5.35,14,1,0,0,0
1.29,11,1,0,0,0
158.74,0,1,0,1,0
64.85,19,2,0,0,0
14.03,17,0,0,0,0
26.86,15,2,0,0,0
269.57,4,3,0,1,0
196.26,18,2,0,0,0
123.71,3,4,0,1,0
65.82,5,0,0,1,0
73.46,16,1,0,0,0
369.87,6,0,0,0,0
337.47,23,1,0,1,0
24.24,22,3,0,0,0
166.66,6,3,0,0,0
21.97,8,2,0,0,0
24.02,12,1,0,0,0
112.73,19,1,0,0,0
51.92,13,1,0,0,0
268.16,15,4,0,0,0
9.32,22,2,0,0,0
71.65,8,3,0,0,0
250.74,14,0,0,0,0
234.46,4,1,0,1,0
17.02,17,0,0,0,0
45.67,20,0,0,0,0
96.53,19,1,0,0,0
17.36,7,3,0,0,0
344.27,14,1,0,0,0
246.22,20,3,0,0,0
18.27,8,5,0,0,0
12.91,18,3,0,0,0
8.93,21,0,0,0,0
240.18,5,2,0,1,0
21.52,3,4,0,1,0
53.83,10,1,0,0,0
59.58,9,1,0,0,0
91.38,2,0,1,1,0
7.44,0,3,0,1,0
25.72,11,1,0,0,0
268.08,22,5,0,0,0
239.04,14,1,0,0,0
152.0,14,1,0,0,0
1.96,20,1,0,0,0
39.6,13,0,0,0,0
98.88,6,1,1,0,0
32.18,16,2,0,0,0
240.34,23,2,0,1,0
100.48,18,1,0,0,0
7.46,6,1,0,0,0
239.7,2,2,0,1,0
316.45,2,1,1,1,1
8.09,17,2,0,0,0
76.01,19,1,0,0,0
36.15,21,4,0,0,0
49.9,13,1,0,0,0
19.8,2,1,0,1,0
86.29,6,2,0,0,0
316.96,6,1,0,0,0
69.93,4,1,0,1,0
8.66,2,3,0,1,0
96.76,17,1,0,0,0
41.59,14,2,0,0,0
193.74,19,3,0,0,0
57.04,13,2,0,0,0
21.42,3,0,0,1,0
21.21,23,1,0,1,0
146.43,7,3,0,0,0
30.87,20,2,0,0,0
145.77,12,2,0,0,0
23.05,21,2,0,0,0
38.81,7,3,0,0,0
62.64,14,0,0,0,0
286.81,16,3,0,0,0
268.43,4,3,0,1,0
23.18,19,1,1,0,0
44.35,3,4,0,1,0
16.18,10,3,0,0,0
71.33,17,2,0,0,0
61.73,9,2,0,0,0
231.02,16,2,0,0,0
265.93,14,2,0,0,0
48.38,5,2,0,1,0
67.68,22,1,0,0,0
226.56,20,1,1,0,0
164.36,15,4,0,0,0
0.37,14,1,0,0,0
38.58,7,1,0,0,0
54.78,8,1,0,0,0
26.1,10,4,0,0,0
22.26,1,4,0,1,0
3.85,12,1,0,0,0
103.11,3,3,1,1,0
30.45,8,2,0,0,0
5.38,4,2,0,1,0
26.26,18,3,0,0,0
161.91,21,1,0,0,0
190.71,2,5,0,1,1
65.98,20,1,0,0,0
53.8,2,6,1,1,1
381.01,5,2,0,1,1
22.38,9,0,1,0,0
24.25,4,3,0,1,0
34.51,2,3,0,1,0
18.97,21,3,1,0,0
47.7,23,3,0,1,0
241.73,6,1,1,0,0
95.54,21,2,0,0,0
53.09,17,2,0,0,0
272.43,22,1,0,0,0
4.97,7,1,0,0,0
23.61,0,3,1,1,1
83.45,3,3,0,1,0
95.59,23,0,0,1,0
4.04,6,2,0,0,0
51.59,13,2,0,0,0
104.74,12,0,0,0,0
119.76,9,4,0,0,0
101.65,22,3,0,0,0
38.65,17,2,0,0,0
9.82,0,0,0,1,0
55.71,3,0,0,1,0
13.78,15,3,0,0,0
294.93,15,0,1,0,0
64.47,17,1,0,0,0
38.16,7,2,0,0,0
145.37,9,2,0,0,0
68.91,15,0,0,0,0
37.11,22,3,0,0,0
167.11,23,2,0,1,0
201.86,10,3,0,0,0
111.78,5,3,0,1,0
4.81,0,2,0,1,0
83.55,11,2,0,0,0
144.09,5,1,0,1,0
14.68,12,2,0,0,0
25.96,16,1,0,0,0
214.13,0,2,0,1,0
2.03,7,1,0,0,0
139.73,21,1,0,0,0
64.2,7,1,0,0,0
59.2,23,4,0,1,0
0.71,10,0,0,0,0
171.15,13,2,0,0,0
44.6,23,4,0,1,0
77.82,9,0,0,0,0
113.1,14,1,0,0,0
121.28,6,1,0,0,0
312.31,6,0,0,0,0
75.79,9,1,0,0,0
51.04,3,3,0,1,0
307.27,17,0,0,0,0
102.75,9,2,0,0,0
35.4,18,2,0,0,0
13.52,13,2,0,0,0
184.87,12,1,0,0,0
44.97,14,0,0,0,0
108.02,15,1,0,0,0
63.64,1,1,0,1,0
22.18,3,0,0,1,0
92.05,20,0,0,0,0
6.26,17,2,0,0,0
53.33,16,2,0,0,0
79.1,9,3,0,0,0
57.28,20,3,1,0,0
138.1,8,2,0,0,0
175.98,14,2,0,0,0
147.51,11,2,0,0,0
3.96,20,4,0,0,0
21.58,8,1,0,0,0
76.92,13,0,0,0,0
273.06,12,1,0,0,0
180.15,5,2,0,1,0
184.85,18,0,0,0,0
36.13,3,3,0,1,0
56.12,19,2,0,0,0
63.62,16,0,0,0,0
17.12,18,2,0,0,0
3.16,2,2,0,1,0
293.56,13,1,0,0,0
27.54,16,2,0,0,0
27.44,12,2,0,0,0
8.71,8,3,0,0,0
263.82,0,2,0,1,0
86.69,16,3,0,0,0
109.97,15,1,0,0,0
242.56,17,0,0,0,0
42.41,1,4,0,1,0
97.16,13,2,0,0,0
